item_no,category,main_promotion,color,stars,success_prediction
405901,Sweatshirt,Catalog,Blue,3.1,1
644275,Polo-Shirt,Frontpage_Header,Yellow,2.6,0
533070,Tunic,Catalog,Green,2.7,0
829436,Polo-Shirt,Catalog,Yellow,2.6,0
801722,Tunic,Catalog,Yellow,4.9,1
866263,T-Shirt,Category_Highlight,Black,2.6,1
502221,Sweatshirt,Catalog,Red,1.6,0
545865,Tunic,Category_Highlight,Green,3.5,1
440112,Sweatshirt,Display_Ad_Campaign,Blue,3.7,1
930925,Tunic,Catalog,Green,2.0,0
687109,T-Shirt,Frontpage_Header,Multi-Color,4.4,1
149509,Sweatshirt,Category_Highlight,Red,1.3,0
729560,Tunic,Frontpage_Header,Multi-Color,2.2,0
102917,Tunic,Catalog,Black,3.3,0
912916,Tunic,Category_Highlight,Blue,4.6,1
193580,Sweatshirt,Catalog,Multi-Color,2.6,0
883117,Blouse,Display_Ad_Campaign,Black,4.1,1
474601,Polo-Shirt,Catalog,Pink,3.2,1
573513,Hoodie,Category_Highlight,Brown,4.5,1
119095,Tunic,Catalog,Yellow,2.7,0
814763,Blouse,Category_Highlight,Blue,5.3,1
425794,Polo-Shirt,Category_Highlight,Yellow,3.7,1
814748,Sweatshirt,Catalog,Red,2.4,0
385031,Hoodie,Frontpage_Header,Green,3.2,1
570778,Blouse,Category_Highlight,Pink,4.4,1
459694,Hoodie,Catalog,Orange,3.0,1
408438,Tunic,Frontpage_Header,Multi-Color,2.9,1
169876,Sweatshirt,Category_Highlight,Multi-Color,2.1,0
317922,Hoodie,Frontpage_Header,Blue,2.8,1
969897,T-Shirt,Catalog,Red,4.7,1
245976,Tunic,Category_Highlight,Brown,3.3,1
664681,Tunic,Catalog,Brown,4.5,1
727115,Blouse,Display_Ad_Campaign,Red,4.5,1
467098,T-Shirt,Category_Highlight,Yellow,4.0,1
290251,Hoodie,Frontpage_Header,Green,3.2,1
497026,Sweatshirt,Frontpage_Header,Yellow,3.6,1
367239,Tunic,Frontpage_Header,Blue,4.1,1
784472,T-Shirt,Frontpage_Header,Multi-Color,4.2,1
785030,Polo-Shirt,Catalog,Multi-Color,2.4,0
856803,T-Shirt,Frontpage_Header,Multi-Color,4.8,1
943414,Tunic,Category_Highlight,Red,2.8,0
962853,Polo-Shirt,Category_Highlight,Brown,2.5,0
279600,Sweatshirt,Frontpage_Header,Pink,3.5,1
701652,Sweatshirt,Catalog,Red,1.9,0
762305,T-Shirt,Frontpage_Header,Multi-Color,3.5,1
318829,Blouse,Catalog,Yellow,3.7,1
630666,Hoodie,Category_Highlight,White,4.2,1
930408,Hoodie,Display_Ad_Campaign,Yellow,4.8,1
886054,Blouse,Catalog,Yellow,4.1,1
276832,Tunic,Display_Ad_Campaign,Multi-Color,3.6,1
164285,Tunic,Category_Highlight,White,4.2,1
110037,Sweatshirt,Frontpage_Header,Blue,2.9,1
966885,Sweatshirt,Catalog,Black,4.8,1
857942,Sweatshirt,Frontpage_Header,Blue,3.0,1
222395,Sweatshirt,Category_Highlight,Blue,3.5,1
295369,Sweatshirt,Frontpage_Header,Blue,3.3,1
772457,T-Shirt,Category_Highlight,Multi-Color,3.6,1
791784,Blouse,Display_Ad_Campaign,Blue,4.4,1
722335,T-Shirt,Display_Ad_Campaign,Black,3.9,1
970934,Polo-Shirt,Catalog,Pink,3.5,1
754079,Polo-Shirt,Category_Highlight,Brown,3.3,1
576061,Blouse,Frontpage_Header,Multi-Color,1.8,0
759169,T-Shirt,Display_Ad_Campaign,Black,4.0,1
935148,Blouse,Catalog,Yellow,3.7,1
540046,T-Shirt,Catalog,Red,4.4,1
490523,Tunic,Category_Highlight,Brown,4.6,1
647756,Sweatshirt,Display_Ad_Campaign,Orange,5.0,1
644978,T-Shirt,Frontpage_Header,Blue,3.5,1
970215,T-Shirt,Frontpage_Header,Multi-Color,4.2,1
529497,Polo-Shirt,Frontpage_Header,Brown,2.2,0
897093,Polo-Shirt,Frontpage_Header,Multi-Color,2.9,0
841927,Blouse,Category_Highlight,Red,0.7,0
386222,Tunic,Frontpage_Header,Brown,4.4,1
434846,Hoodie,Display_Ad_Campaign,Yellow,2.5,0
918659,Hoodie,Category_Highlight,Blue,2.2,0
349597,T-Shirt,Frontpage_Header,Yellow,4.2,1
941814,Polo-Shirt,Frontpage_Header,Yellow,2.0,0
319451,T-Shirt,Display_Ad_Campaign,Black,4.2,1
407948,Polo-Shirt,Display_Ad_Campaign,Yellow,5.4,1
220115,Polo-Shirt,Frontpage_Header,Brown,3.0,0
109455,Polo-Shirt,Category_Highlight,Green,4.1,1
647606,Polo-Shirt,Category_Highlight,Orange,2.1,0
492484,T-Shirt,Frontpage_Header,Multi-Color,4.0,1
395013,Polo-Shirt,Catalog,Brown,3.6,1
189617,Polo-Shirt,Category_Highlight,Orange,2.0,0
398015,Tunic,Frontpage_Header,White,3.5,1
721079,Polo-Shirt,Catalog,Multi-Color,2.1,0
131543,Sweatshirt,Category_Highlight,Green,2.8,1
115744,T-Shirt,Category_Highlight,Multi-Color,3.8,1
775333,Polo-Shirt,Catalog,Yellow,3.5,1
739890,Polo-Shirt,Frontpage_Header,Yellow,2.4,0
587038,Tunic,Frontpage_Header,Yellow,3.1,0
836052,T-Shirt,Catalog,Red,4.0,1
123257,Sweatshirt,Display_Ad_Campaign,Blue,2.7,1
974196,Polo-Shirt,Catalog,Pink,2.3,0
734388,T-Shirt,Category_Highlight,Pink,4.0,1
778757,Tunic,Category_Highlight,Yellow,2.5,0
784118,Blouse,Display_Ad_Campaign,Yellow,3.9,1
898734,Blouse,Frontpage_Header,Black,4.5,1
688117,Polo-Shirt,Catalog,Pink,4.1,1
511823,Tunic,Catalog,Yellow,2.6,0
983473,Polo-Shirt,Catalog,Pink,3.6,1
154105,Tunic,Category_Highlight,Multi-Color,2.8,0
115041,T-Shirt,Category_Highlight,Green,4.7,1
968393,Polo-Shirt,Display_Ad_Campaign,Multi-Color,4.5,1
242057,Sweatshirt,Frontpage_Header,Yellow,3.5,1
162271,T-Shirt,Category_Highlight,Green,5.2,1
458062,Tunic,Category_Highlight,Multi-Color,3.1,1
438761,Blouse,Catalog,Black,4.8,1
668110,Polo-Shirt,Catalog,Red,3.0,0
172785,Blouse,Frontpage_Header,Yellow,3.0,1
453639,Tunic,Display_Ad_Campaign,Black,2.6,0
713499,Tunic,Catalog,Black,4.8,1
261999,Sweatshirt,Category_Highlight,Blue,2.4,0
464035,Polo-Shirt,Category_Highlight,Yellow,2.4,0
327456,T-Shirt,Display_Ad_Campaign,Black,3.8,1
983694,Polo-Shirt,Display_Ad_Campaign,Blue,2.7,0
376951,Blouse,Category_Highlight,Yellow,4.1,1
330640,T-Shirt,Frontpage_Header,Multi-Color,4.1,1
180829,Hoodie,Frontpage_Header,Blue,2.6,1
299479,Polo-Shirt,Catalog,Green,3.1,0
230030,Hoodie,Catalog,Yellow,3.1,0
482137,Polo-Shirt,Catalog,Multi-Color,3.0,0
976803,T-Shirt,Display_Ad_Campaign,Blue,5.0,1
876914,T-Shirt,Category_Highlight,Yellow,3.7,1
981992,Hoodie,Catalog,Yellow,3.8,1
265942,Tunic,Display_Ad_Campaign,Black,2.8,0
851175,Polo-Shirt,Category_Highlight,Red,3.1,0
279945,Sweatshirt,Category_Highlight,Red,2.3,0
191627,Sweatshirt,Frontpage_Header,Red,3.8,1
901431,Polo-Shirt,Category_Highlight,Brown,2.9,1
398751,Blouse,Frontpage_Header,Blue,3.8,1
664706,Blouse,Frontpage_Header,Black,5.2,1
143798,Tunic,Category_Highlight,Red,3.0,0
815447,T-Shirt,Frontpage_Header,Multi-Color,4.0,1
539136,Polo-Shirt,Catalog,Blue,1.9,0
652191,Tunic,Frontpage_Header,Multi-Color,3.9,1
774593,T-Shirt,Frontpage_Header,Multi-Color,4.5,1
569599,Sweatshirt,Display_Ad_Campaign,Orange,4.1,1
437550,Tunic,Display_Ad_Campaign,Multi-Color,4.4,1
313273,Hoodie,Display_Ad_Campaign,Yellow,4.1,1
441230,Polo-Shirt,Category_Highlight,Multi-Color,2.6,0
814153,Tunic,Category_Highlight,Orange,3.2,1
195429,Hoodie,Catalog,Green,4.0,1
400415,Polo-Shirt,Frontpage_Header,White,2.7,0
851810,Polo-Shirt,Frontpage_Header,Yellow,3.0,0
614622,Sweatshirt,Display_Ad_Campaign,Blue,4.0,1
660180,Sweatshirt,Category_Highlight,Orange,3.9,1
814665,Tunic,Category_Highlight,Yellow,2.4,0
179851,Tunic,Display_Ad_Campaign,Multi-Color,3.8,1
441106,Blouse,Frontpage_Header,Black,4.7,1
633865,Polo-Shirt,Frontpage_Header,Brown,2.5,0
882647,Hoodie,Catalog,Green,3.9,1
167009,T-Shirt,Display_Ad_Campaign,Blue,4.2,1
683324,Tunic,Frontpage_Header,Green,3.7,1
981552,Blouse,Frontpage_Header,Multi-Color,2.6,0
604324,T-Shirt,Catalog,Black,4.3,1
597788,Blouse,Display_Ad_Campaign,Brown,4.7,1
650402,Polo-Shirt,Catalog,Blue,3.3,1
473554,Tunic,Catalog,Green,4.0,1
118414,Hoodie,Frontpage_Header,Yellow,3.5,1
849960,Polo-Shirt,Display_Ad_Campaign,Yellow,4.8,1
826829,Sweatshirt,Frontpage_Header,Green,2.9,1
305559,Sweatshirt,Category_Highlight,Yellow,3.6,1
893558,Sweatshirt,Frontpage_Header,Green,3.1,1
639962,Polo-Shirt,Category_Highlight,Red,3.7,0
375994,Blouse,Frontpage_Header,Red,4.7,1
266819,Hoodie,Category_Highlight,Yellow,2.0,0
798530,Polo-Shirt,Frontpage_Header,Multi-Color,3.1,0
408189,Blouse,Catalog,Yellow,4.1,1
426496,Polo-Shirt,Category_Highlight,Blue,3.5,1
325399,Polo-Shirt,Catalog,Yellow,3.2,0
799758,Sweatshirt,Catalog,Red,4.6,1
195405,Polo-Shirt,Display_Ad_Campaign,Yellow,5.0,1
901885,Sweatshirt,Catalog,Orange,4.9,1
536061,Sweatshirt,Frontpage_Header,Blue,3.2,1
919681,Polo-Shirt,Catalog,Green,3.9,1
274563,Tunic,Catalog,Yellow,4.8,1
343995,T-Shirt,Catalog,Orange,4.7,1
142694,T-Shirt,Catalog,Red,4.0,1
642383,Tunic,Category_Highlight,Brown,4.4,1
213282,Sweatshirt,Catalog,Red,2.0,0
554935,T-Shirt,Display_Ad_Campaign,Brown,4.5,1
919701,T-Shirt,Display_Ad_Campaign,Black,3.7,1
508378,T-Shirt,Category_Highlight,Multi-Color,1.7,0
102691,Blouse,Frontpage_Header,Multi-Color,3.6,1
375405,T-Shirt,Catalog,Brown,4.8,1
784987,Tunic,Catalog,Green,3.9,1
937565,T-Shirt,Catalog,Yellow,4.9,1
285335,Blouse,Display_Ad_Campaign,Black,3.6,1
703782,Polo-Shirt,Category_Highlight,Yellow,3.8,1
774363,Blouse,Frontpage_Header,Red,2.7,0
515870,Tunic,Category_Highlight,Yellow,1.9,0
695396,Blouse,Frontpage_Header,Blue,4.3,1
373432,Sweatshirt,Category_Highlight,Blue,3.7,1
416048,Tunic,Category_Highlight,Pink,2.5,0
750736,T-Shirt,Catalog,Yellow,4.3,1
967693,Polo-Shirt,Display_Ad_Campaign,Yellow,4.6,1
193310,Tunic,Display_Ad_Campaign,Black,2.2,0
544350,Sweatshirt,Display_Ad_Campaign,Blue,3.0,1
974955,Polo-Shirt,Category_Highlight,Pink,2.5,0
621635,Blouse,Frontpage_Header,Red,4.8,1
214825,Sweatshirt,Catalog,Red,2.8,0
853487,T-Shirt,Frontpage_Header,Blue,3.3,1
386571,T-Shirt,Catalog,Red,3.7,1
699941,Tunic,Display_Ad_Campaign,Multi-Color,4.4,1
580090,Polo-Shirt,Category_Highlight,Blue,3.9,1
923675,Tunic,Display_Ad_Campaign,Yellow,5.4,1
465875,Blouse,Category_Highlight,Yellow,3.9,1
123040,Polo-Shirt,Catalog,Yellow,3.1,0
214570,T-Shirt,Frontpage_Header,Multi-Color,4.8,1
916090,T-Shirt,Category_Highlight,Blue,2.6,1
839608,Polo-Shirt,Catalog,Pink,3.8,1
221853,Blouse,Catalog,Multi-Color,1.7,0
414945,Blouse,Display_Ad_Campaign,Brown,4.7,1
467491,Tunic,Category_Highlight,Blue,4.8,1
678849,Sweatshirt,Frontpage_Header,Pink,3.8,1
323151,T-Shirt,Category_Highlight,Red,3.5,1
155323,Sweatshirt,Category_Highlight,Red,1.7,0
695280,Polo-Shirt,Catalog,Blue,1.5,0
901454,Polo-Shirt,Display_Ad_Campaign,Yellow,4.6,1
513128,Blouse,Frontpage_Header,Black,5.0,1
403056,Sweatshirt,Category_Highlight,Red,1.5,0
595615,T-Shirt,Frontpage_Header,Multi-Color,5.5,1
166042,Blouse,Frontpage_Header,White,3.5,1
177742,Blouse,Frontpage_Header,Blue,3.8,1
232771,T-Shirt,Catalog,Red,4.7,1
590649,Hoodie,Category_Highlight,Brown,3.5,1
138171,Tunic,Category_Highlight,Green,3.6,1
564788,Tunic,Frontpage_Header,Blue,3.6,1
178377,Hoodie,Catalog,Orange,2.5,0
482611,Hoodie,Catalog,Orange,3.1,1
949567,Blouse,Display_Ad_Campaign,Brown,5.6,1
871989,Tunic,Category_Highlight,Green,3.0,0
846015,Sweatshirt,Catalog,Blue,4.9,1
555573,Sweatshirt,Display_Ad_Campaign,Orange,4.9,1
547597,Sweatshirt,Catalog,Multi-Color,3.3,0
192266,Polo-Shirt,Frontpage_Header,Brown,3.4,1
432182,Tunic,Category_Highlight,Multi-Color,3.7,1
609178,Sweatshirt,Display_Ad_Campaign,Blue,3.0,1
779428,Blouse,Display_Ad_Campaign,Black,4.6,1
714817,Blouse,Catalog,Yellow,4.3,1
339080,Polo-Shirt,Frontpage_Header,Yellow,3.0,0
745622,Tunic,Category_Highlight,Green,3.4,1
874240,Tunic,Category_Highlight,White,4.3,1
523028,Polo-Shirt,Category_Highlight,Blue,4.4,1
956343,Blouse,Category_Highlight,Yellow,4.2,1
226086,Tunic,Frontpage_Header,Multi-Color,2.9,1
213363,T-Shirt,Category_Highlight,Yellow,4.1,1
534174,Tunic,Catalog,Blue,2.1,0
842296,Tunic,Display_Ad_Campaign,Black,2.6,0
140697,Polo-Shirt,Catalog,White,2.2,0
319805,Hoodie,Catalog,Black,5.1,1
114353,T-Shirt,Display_Ad_Campaign,Blue,4.8,1
564634,T-Shirt,Frontpage_Header,Multi-Color,4.7,1
848734,Blouse,Frontpage_Header,Orange,4.9,1
557900,Tunic,Category_Highlight,Red,3.4,0
576356,Sweatshirt,Frontpage_Header,Blue,1.8,0
912807,Tunic,Display_Ad_Campaign,Black,2.9,0
702962,Blouse,Catalog,Black,5.0,1
824892,Sweatshirt,Frontpage_Header,Blue,3.9,1
970217,Polo-Shirt,Display_Ad_Campaign,Yellow,5.1,1
262468,Hoodie,Catalog,Blue,5.2,1
340177,Sweatshirt,Catalog,Orange,3.5,1
892943,Polo-Shirt,Frontpage_Header,Green,3.0,0
764873,Sweatshirt,Display_Ad_Campaign,Orange,4.1,1
553468,T-Shirt,Catalog,Red,2.1,0
879508,Tunic,Frontpage_Header,Multi-Color,3.1,1
556487,T-Shirt,Catalog,Multi-Color,1.6,0
665717,Blouse,Category_Highlight,Multi-Color,2.8,0
803368,T-Shirt,Frontpage_Header,Yellow,4.5,1
744932,T-Shirt,Category_Highlight,Brown,4.4,1
246630,T-Shirt,Category_Highlight,Yellow,4.1,1
173865,Blouse,Frontpage_Header,Blue,4.1,1
859807,Blouse,Category_Highlight,Red,0.9,0
165635,Tunic,Catalog,Blue,4.4,1
564009,Tunic,Display_Ad_Campaign,Black,1.9,0
659395,Tunic,Category_Highlight,Blue,4.9,1
458963,Blouse,Display_Ad_Campaign,Blue,5.1,1
903151,Blouse,Display_Ad_Campaign,Blue,4.8,1
511153,Blouse,Frontpage_Header,Multi-Color,2.6,0
815515,Blouse,Frontpage_Header,Multi-Color,2.2,0
301906,Sweatshirt,Catalog,Red,2.3,0
437041,Sweatshirt,Catalog,Yellow,4.0,1
612276,Polo-Shirt,Catalog,Blue,2.2,0
120599,Hoodie,Category_Highlight,White,3.9,1
979244,Blouse,Category_Highlight,Blue,2.7,0
683284,Polo-Shirt,Category_Highlight,Black,3.7,1
162925,Polo-Shirt,Display_Ad_Campaign,Multi-Color,2.6,0
250925,Tunic,Frontpage_Header,Blue,3.4,1
581716,Blouse,Frontpage_Header,Black,4.4,1
182762,Sweatshirt,Display_Ad_Campaign,Orange,4.2,1
106860,Tunic,Category_Highlight,Multi-Color,3.4,1
504307,Tunic,Catalog,Yellow,4.6,1
174276,Sweatshirt,Catalog,Yellow,3.8,1
652798,T-Shirt,Display_Ad_Campaign,Black,4.1,1
746260,Tunic,Display_Ad_Campaign,Multi-Color,4.2,1
667972,Tunic,Frontpage_Header,Blue,3.7,1
402925,T-Shirt,Frontpage_Header,Red,4.1,1
829592,Sweatshirt,Catalog,Orange,3.7,1
893142,T-Shirt,Catalog,Red,4.6,1
430635,T-Shirt,Category_Highlight,Green,5.0,1
668519,Polo-Shirt,Category_Highlight,Brown,3.2,1
696860,T-Shirt,Category_Highlight,Red,4.8,1
640199,Polo-Shirt,Category_Highlight,Orange,2.1,0
196555,Tunic,Display_Ad_Campaign,Yellow,4.7,1
370095,Tunic,Catalog,Multi-Color,3.1,0
581581,T-Shirt,Catalog,Multi-Color,1.7,0
435567,Blouse,Catalog,Pink,4.6,1
490965,Sweatshirt,Category_Highlight,Brown,4.3,1
929397,Tunic,Category_Highlight,Green,2.6,0
575152,T-Shirt,Category_Highlight,Multi-Color,3.5,1
367455,Tunic,Frontpage_Header,Black,4.0,1
936795,Sweatshirt,Category_Highlight,Blue,4.1,1
703626,Polo-Shirt,Category_Highlight,Black,3.7,1
930875,Sweatshirt,Display_Ad_Campaign,Pink,4.3,1
329404,Polo-Shirt,Frontpage_Header,Green,2.4,0
441535,Tunic,Display_Ad_Campaign,Multi-Color,4.1,1
188593,Blouse,Category_Highlight,Multi-Color,2.7,0
637831,Polo-Shirt,Category_Highlight,White,3.3,1
765331,Blouse,Category_Highlight,Orange,2.9,1
517846,T-Shirt,Category_Highlight,Brown,5.0,1
483344,Sweatshirt,Frontpage_Header,Green,3.2,1
555404,Sweatshirt,Frontpage_Header,Multi-Color,1.9,0
971471,Polo-Shirt,Category_Highlight,Yellow,3.8,1
136838,Blouse,Frontpage_Header,Black,5.3,1
261962,Sweatshirt,Category_Highlight,Red,1.5,0
568747,Sweatshirt,Catalog,Red,4.5,1
655360,Tunic,Category_Highlight,Red,2.9,0
250089,T-Shirt,Catalog,Black,3.8,1
827812,Sweatshirt,Frontpage_Header,Red,3.2,1
204707,Sweatshirt,Catalog,Multi-Color,2.1,0
669651,Sweatshirt,Display_Ad_Campaign,Blue,3.1,1
401751,Polo-Shirt,Frontpage_Header,Brown,2.2,0
133081,Hoodie,Frontpage_Header,Yellow,2.3,0
292688,Sweatshirt,Display_Ad_Campaign,Blue,5.5,1
280356,T-Shirt,Catalog,Yellow,4.3,1
485005,Tunic,Category_Highlight,Brown,4.4,1
222799,Tunic,Category_Highlight,Multi-Color,3.4,1
311892,T-Shirt,Frontpage_Header,Multi-Color,4.5,1
307455,Tunic,Frontpage_Header,Multi-Color,4.4,1
695122,Blouse,Frontpage_Header,Red,4.4,1
744063,Tunic,Catalog,Brown,3.2,0
148941,T-Shirt,Category_Highlight,Red,3.5,1
468830,T-Shirt,Category_Highlight,Yellow,4.9,1
167556,Hoodie,Display_Ad_Campaign,Blue,2.7,1
383089,T-Shirt,Category_Highlight,Blue,2.9,1
820643,Blouse,Frontpage_Header,Red,5.1,1
191749,Polo-Shirt,Category_Highlight,Blue,1.3,0
880029,Hoodie,Catalog,Yellow,2.7,0
355961,Hoodie,Catalog,Green,4.1,1
578086,Sweatshirt,Catalog,Orange,4.6,1
168519,Hoodie,Category_Highlight,Blue,3.5,1
853189,Blouse,Frontpage_Header,Black,3.6,1
329863,T-Shirt,Category_Highlight,Orange,5.2,1
698969,Hoodie,Category_Highlight,Brown,3.6,1
511146,Polo-Shirt,Frontpage_Header,Yellow,2.7,0
357447,T-Shirt,Display_Ad_Campaign,Multi-Color,4.1,1
405831,Blouse,Frontpage_Header,Blue,4.2,1
534457,Sweatshirt,Catalog,Red,3.6,1
886475,Tunic,Category_Highlight,Red,2.7,0
556509,Sweatshirt,Category_Highlight,Black,4.7,1
909463,Tunic,Frontpage_Header,Multi-Color,3.0,1
626936,Polo-Shirt,Display_Ad_Campaign,Yellow,4.8,1
264213,T-Shirt,Catalog,Pink,3.4,1
314141,Polo-Shirt,Frontpage_Header,Green,2.4,0
289635,Sweatshirt,Display_Ad_Campaign,Orange,4.3,1
594452,Hoodie,Category_Highlight,Brown,3.5,1
712132,Tunic,Display_Ad_Campaign,Black,2.3,0
383060,Hoodie,Catalog,Multi-Color,3.5,0
924897,Blouse,Category_Highlight,Yellow,3.5,1
306979,Polo-Shirt,Frontpage_Header,Brown,2.1,0
182443,T-Shirt,Category_Highlight,Green,5.6,1
404543,Sweatshirt,Frontpage_Header,Blue,3.6,1
709956,Polo-Shirt,Catalog,Yellow,3.7,1
272596,Hoodie,Frontpage_Header,Blue,4.3,1
134326,Blouse,Catalog,Yellow,3.5,1
156003,Blouse,Category_Highlight,Yellow,4.5,1
799209,T-Shirt,Catalog,Red,4.2,1
297601,Polo-Shirt,Category_Highlight,Multi-Color,2.8,0
564668,Polo-Shirt,Catalog,Orange,2.0,0
259352,T-Shirt,Catalog,Orange,4.0,1
615654,Blouse,Display_Ad_Campaign,Black,3.3,1
494406,Sweatshirt,Frontpage_Header,Blue,3.0,1
879239,Tunic,Category_Highlight,Yellow,2.5,0
838970,Tunic,Category_Highlight,Green,3.1,0
150140,Tunic,Category_Highlight,Multi-Color,3.4,1
579463,Polo-Shirt,Category_Highlight,Pink,1.7,0
818986,Polo-Shirt,Display_Ad_Campaign,Multi-Color,2.8,0
262684,Sweatshirt,Category_Highlight,Multi-Color,1.5,0
446490,Sweatshirt,Display_Ad_Campaign,Pink,5.0,1
163740,Blouse,Category_Highlight,Multi-Color,2.4,0
174307,Tunic,Display_Ad_Campaign,Multi-Color,3.7,1
914783,T-Shirt,Category_Highlight,Multi-Color,3.8,1
490100,Polo-Shirt,Frontpage_Header,Brown,3.2,0
897361,Sweatshirt,Catalog,Blue,4.7,1
685873,T-Shirt,Category_Highlight,Yellow,3.6,1
196181,T-Shirt,Display_Ad_Campaign,Red,4.2,1
589185,Polo-Shirt,Category_Highlight,Yellow,3.8,1
899075,Sweatshirt,Catalog,Red,1.5,0
321361,T-Shirt,Frontpage_Header,Yellow,3.7,1
559231,Hoodie,Category_Highlight,Blue,4.7,1
732944,Tunic,Category_Highlight,Yellow,3.2,0
318035,Blouse,Frontpage_Header,Multi-Color,2.5,0
438944,Tunic,Category_Highlight,Brown,4.5,1
772303,Tunic,Frontpage_Header,Multi-Color,2.9,1
258211,T-Shirt,Category_Highlight,Multi-Color,2.7,1
458252,Polo-Shirt,Frontpage_Header,Brown,2.4,0
848585,Blouse,Display_Ad_Campaign,Brown,5.0,1
315144,Tunic,Category_Highlight,Yellow,4.2,1
106872,T-Shirt,Catalog,Black,3.8,1
844320,Tunic,Display_Ad_Campaign,Black,2.3,0
472863,Tunic,Catalog,Green,3.4,1
662967,Tunic,Catalog,Green,2.1,0
517788,Sweatshirt,Frontpage_Header,Pink,3.5,1
377057,Blouse,Frontpage_Header,Multi-Color,2.2,0
484311,Sweatshirt,Frontpage_Header,Blue,3.2,1
253753,T-Shirt,Frontpage_Header,Green,4.9,1
247125,T-Shirt,Category_Highlight,Blue,3.1,1
695744,Polo-Shirt,Catalog,Red,3.0,0
912784,Polo-Shirt,Frontpage_Header,Green,3.7,1
660248,Sweatshirt,Catalog,Red,2.0,0
520087,Polo-Shirt,Catalog,Green,3.7,1
248395,Tunic,Category_Highlight,Brown,4.1,1
912533,Polo-Shirt,Frontpage_Header,Brown,2.9,0
639704,Hoodie,Category_Highlight,Yellow,3.5,1
218136,Polo-Shirt,Catalog,Yellow,4.3,1
314259,Hoodie,Catalog,Orange,2.8,1
429451,Blouse,Frontpage_Header,Red,2.0,0
233317,Blouse,Catalog,Yellow,3.4,1
743703,T-Shirt,Catalog,Black,3.4,1
481926,Polo-Shirt,Category_Highlight,Brown,4.4,1
404376,Polo-Shirt,Category_Highlight,Orange,2.9,0
226342,Polo-Shirt,Display_Ad_Campaign,Blue,1.7,0
463547,T-Shirt,Category_Highlight,Multi-Color,1.1,0
240490,Blouse,Frontpage_Header,Pink,3.4,1
621890,Polo-Shirt,Catalog,Multi-Color,3.2,0
169742,T-Shirt,Category_Highlight,White,3.3,1
679229,Tunic,Category_Highlight,Multi-Color,3.8,1
688101,Polo-Shirt,Catalog,Multi-Color,2.8,0
638169,Hoodie,Category_Highlight,Multi-Color,2.5,0
832660,T-Shirt,Frontpage_Header,Multi-Color,5.1,1
435886,T-Shirt,Display_Ad_Campaign,Black,3.1,1
781409,Sweatshirt,Catalog,Yellow,2.7,0
568939,Polo-Shirt,Catalog,Yellow,3.3,0
594461,T-Shirt,Category_Highlight,Green,5.2,1
874853,Hoodie,Catalog,Green,3.3,1
254134,Hoodie,Frontpage_Header,Green,3.3,1
251560,T-Shirt,Catalog,Brown,5.5,1
707719,Hoodie,Frontpage_Header,Pink,3.8,1
251462,Sweatshirt,Catalog,Orange,4.9,1
435838,Sweatshirt,Catalog,Orange,3.2,1
974789,Tunic,Category_Highlight,Red,3.1,0
520651,Tunic,Catalog,Yellow,2.2,0
586551,Sweatshirt,Catalog,Red,2.4,0
135880,Polo-Shirt,Category_Highlight,Multi-Color,3.1,0
187966,Blouse,Frontpage_Header,Black,4.7,1
970019,Blouse,Frontpage_Header,Multi-Color,2.2,0
551561,Sweatshirt,Category_Highlight,Red,1.6,0
399201,T-Shirt,Category_Highlight,Green,4.4,1
441037,T-Shirt,Display_Ad_Campaign,Multi-Color,1.4,0
143998,Polo-Shirt,Catalog,Blue,2.2,0
557305,Sweatshirt,Catalog,Red,2.1,0
274285,Polo-Shirt,Frontpage_Header,Yellow,2.1,0
803852,Blouse,Frontpage_Header,Multi-Color,3.0,0
348525,Hoodie,Display_Ad_Campaign,Yellow,4.9,1
308669,Blouse,Category_Highlight,Black,4.7,1
869277,Tunic,Category_Highlight,Multi-Color,3.8,1
199341,Tunic,Display_Ad_Campaign,Blue,2.6,0
651051,T-Shirt,Frontpage_Header,Multi-Color,2.6,1
753002,Tunic,Frontpage_Header,Red,2.6,0
267404,Blouse,Category_Highlight,Blue,3.0,1
379861,Blouse,Category_Highlight,Blue,2.8,0
325567,T-Shirt,Category_Highlight,Yellow,3.2,1
796713,Tunic,Display_Ad_Campaign,Black,3.0,0
339116,Polo-Shirt,Category_Highlight,Blue,3.3,1
133865,T-Shirt,Category_Highlight,Green,5.6,1
680989,T-Shirt,Catalog,Red,4.1,1
299120,Polo-Shirt,Catalog,Multi-Color,3.3,0
487233,Sweatshirt,Catalog,Orange,4.2,1
468763,Blouse,Frontpage_Header,Multi-Color,2.4,0
277300,Tunic,Display_Ad_Campaign,Blue,3.7,1
972753,Polo-Shirt,Category_Highlight,Multi-Color,2.4,0
510628,Blouse,Display_Ad_Campaign,Blue,4.8,1
416734,Sweatshirt,Catalog,Red,2.7,0
174955,Tunic,Category_Highlight,Yellow,2.4,0
364746,T-Shirt,Category_Highlight,Multi-Color,4.2,1
615250,Sweatshirt,Frontpage_Header,Green,3.4,1
124202,Sweatshirt,Frontpage_Header,Green,3.2,1
739660,Polo-Shirt,Category_Highlight,Brown,2.5,0
308940,Hoodie,Catalog,Orange,3.3,1
868652,Sweatshirt,Category_Highlight,Red,1.1,0
966958,Hoodie,Catalog,Yellow,3.1,0
202347,Blouse,Display_Ad_Campaign,White,4.7,1
760953,Sweatshirt,Category_Highlight,Orange,1.5,0
269233,Sweatshirt,Catalog,Orange,4.0,1
349894,Blouse,Frontpage_Header,Multi-Color,2.9,0
776527,Hoodie,Category_Highlight,Red,3.3,0
906765,Blouse,Frontpage_Header,Multi-Color,2.2,0
229393,Blouse,Catalog,Yellow,4.9,1
332757,T-Shirt,Catalog,Red,4.6,1
218544,Sweatshirt,Frontpage_Header,Pink,3.7,1
923050,Hoodie,Catalog,Pink,3.7,1
382734,Polo-Shirt,Frontpage_Header,Blue,4.0,1
715821,Blouse,Display_Ad_Campaign,Brown,5.4,1
475129,Blouse,Frontpage_Header,Blue,4.3,1
186227,Sweatshirt,Frontpage_Header,Blue,3.1,1
546403,Polo-Shirt,Frontpage_Header,Brown,2.6,0
760505,Sweatshirt,Catalog,Brown,4.4,1
616766,Blouse,Display_Ad_Campaign,Blue,5.5,1
633102,T-Shirt,Display_Ad_Campaign,Blue,4.2,1
189152,T-Shirt,Frontpage_Header,Yellow,4.1,1
207216,Tunic,Frontpage_Header,Blue,3.3,1
964737,T-Shirt,Catalog,Multi-Color,1.5,0
801860,Tunic,Frontpage_Header,Multi-Color,2.6,0
550856,Sweatshirt,Catalog,Red,1.3,0
464020,Blouse,Display_Ad_Campaign,Blue,5.0,1
516605,T-Shirt,Catalog,Blue,3.6,1
744379,Tunic,Category_Highlight,Green,3.1,0
300266,Tunic,Display_Ad_Campaign,Red,4.2,1
193277,T-Shirt,Category_Highlight,Yellow,4.6,1
526045,Hoodie,Catalog,Black,4.7,1
559111,Blouse,Frontpage_Header,Black,4.3,1
899139,Sweatshirt,Catalog,Multi-Color,2.7,0
135528,Blouse,Frontpage_Header,Red,3.6,1
148605,Sweatshirt,Display_Ad_Campaign,Orange,4.9,1
663492,Polo-Shirt,Frontpage_Header,Brown,2.8,0
867621,Polo-Shirt,Category_Highlight,Pink,2.5,0
338365,Hoodie,Catalog,Green,3.9,1
656266,Tunic,Frontpage_Header,Multi-Color,2.7,1
488335,Hoodie,Catalog,Green,4.0,1
185095,Tunic,Display_Ad_Campaign,Multi-Color,4.6,1
279735,Blouse,Catalog,Blue,2.5,0
784723,Tunic,Frontpage_Header,Red,2.3,0
544448,Tunic,Category_Highlight,Blue,4.6,1
736156,T-Shirt,Catalog,Multi-Color,3.5,1
282753,T-Shirt,Frontpage_Header,Yellow,4.3,1
335177,Polo-Shirt,Catalog,Red,2.7,0
510840,Tunic,Category_Highlight,Multi-Color,3.2,1
532947,T-Shirt,Frontpage_Header,Multi-Color,4.6,1
616902,Blouse,Category_Highlight,Yellow,4.2,1
732746,Tunic,Category_Highlight,Multi-Color,3.8,1
451593,Sweatshirt,Frontpage_Header,Red,4.6,1
742658,Sweatshirt,Frontpage_Header,Yellow,3.7,1
671119,Sweatshirt,Display_Ad_Campaign,Blue,3.2,1
129318,Tunic,Category_Highlight,Multi-Color,2.9,0
385525,T-Shirt,Catalog,Red,5.0,1
725978,Sweatshirt,Frontpage_Header,White,4.7,1
773216,Sweatshirt,Catalog,Orange,3.1,1
621704,Polo-Shirt,Frontpage_Header,Brown,3.5,1
121124,Sweatshirt,Display_Ad_Campaign,Blue,3.8,1
971715,Polo-Shirt,Category_Highlight,Orange,3.5,1
608695,Hoodie,Category_Highlight,White,4.2,1
675955,Sweatshirt,Display_Ad_Campaign,Orange,4.6,1
604888,T-Shirt,Frontpage_Header,Multi-Color,2.6,1
415636,Sweatshirt,Catalog,Black,4.0,1
383328,Tunic,Display_Ad_Campaign,Multi-Color,4.1,1
617399,Polo-Shirt,Category_Highlight,Blue,1.9,0
963003,T-Shirt,Category_Highlight,Black,3.1,1
163379,Hoodie,Catalog,Black,5.2,1
557853,Polo-Shirt,Display_Ad_Campaign,Multi-Color,3.3,0
234263,Polo-Shirt,Category_Highlight,Red,2.6,0
849393,T-Shirt,Category_Highlight,Blue,1.9,0
780035,Hoodie,Category_Highlight,Blue,4.5,1
450354,Blouse,Frontpage_Header,Red,5.0,1
826034,T-Shirt,Frontpage_Header,Black,5.0,1
163612,Hoodie,Catalog,Pink,2.9,1
544374,Sweatshirt,Catalog,Orange,3.2,1
120113,Polo-Shirt,Catalog,Blue,1.4,0
444897,Sweatshirt,Frontpage_Header,Blue,3.0,1
442678,Polo-Shirt,Category_Highlight,White,3.4,1
592430,Polo-Shirt,Category_Highlight,Orange,3.1,1
967589,Blouse,Display_Ad_Campaign,Brown,5.2,1
123221,Sweatshirt,Display_Ad_Campaign,White,2.8,1
813098,Polo-Shirt,Catalog,Blue,2.3,0
810786,Polo-Shirt,Category_Highlight,Multi-Color,3.0,0
701204,Hoodie,Category_Highlight,Black,4.9,1
782494,Sweatshirt,Catalog,Yellow,2.8,1
888945,Tunic,Catalog,Green,2.5,0
628275,Polo-Shirt,Catalog,Pink,4.8,1
259377,T-Shirt,Category_Highlight,Green,4.8,1
384420,T-Shirt,Catalog,Blue,2.4,1
604561,Hoodie,Catalog,Pink,2.9,1
202047,T-Shirt,Frontpage_Header,Yellow,4.2,1
646834,Polo-Shirt,Frontpage_Header,Yellow,2.4,0
335083,Tunic,Catalog,Green,2.9,0
159084,Blouse,Frontpage_Header,Black,4.1,1
959812,Sweatshirt,Catalog,Orange,3.8,1
357687,Polo-Shirt,Category_Highlight,Yellow,2.1,0
470250,Polo-Shirt,Category_Highlight,Blue,3.2,1
487354,T-Shirt,Frontpage_Header,Red,4.8,1
895104,Tunic,Frontpage_Header,Brown,3.9,1
606794,Polo-Shirt,Category_Highlight,White,3.4,1
710520,Hoodie,Category_Highlight,White,4.7,1
397662,Polo-Shirt,Category_Highlight,Blue,2.2,0
848055,Polo-Shirt,Category_Highlight,Multi-Color,3.7,0
299575,Polo-Shirt,Category_Highlight,Blue,2.9,0
899665,T-Shirt,Catalog,Red,3.9,1
172077,Tunic,Display_Ad_Campaign,Black,2.6,0
492768,Polo-Shirt,Display_Ad_Campaign,Blue,1.4,0
107201,Blouse,Frontpage_Header,Black,4.6,1
480723,T-Shirt,Catalog,Red,4.6,1
814031,Sweatshirt,Display_Ad_Campaign,Black,3.6,1
194205,Blouse,Frontpage_Header,Blue,2.7,1
982097,Tunic,Frontpage_Header,Red,4.0,1
979338,Sweatshirt,Frontpage_Header,Green,2.8,1
796782,Polo-Shirt,Category_Highlight,Blue,3.5,1
860348,T-Shirt,Display_Ad_Campaign,Blue,4.9,1
529666,Polo-Shirt,Catalog,Blue,2.0,0
858331,Polo-Shirt,Display_Ad_Campaign,Black,3.2,0
358350,T-Shirt,Category_Highlight,Green,5.2,1
624525,Polo-Shirt,Display_Ad_Campaign,Pink,4.8,1
925924,Tunic,Category_Highlight,Multi-Color,3.8,1
757990,Tunic,Category_Highlight,Brown,3.8,1
163613,Tunic,Category_Highlight,Blue,4.3,1
158796,Polo-Shirt,Display_Ad_Campaign,Blue,2.2,0
289830,Tunic,Frontpage_Header,Multi-Color,3.6,1
359162,T-Shirt,Category_Highlight,Blue,3.6,1
494926,Tunic,Frontpage_Header,Yellow,2.6,0
460375,Tunic,Catalog,Blue,4.3,1
200830,T-Shirt,Display_Ad_Campaign,Black,3.4,1
558813,T-Shirt,Frontpage_Header,Blue,2.8,1
819470,Polo-Shirt,Frontpage_Header,Brown,2.4,0
373119,Sweatshirt,Catalog,Pink,2.5,1
411593,Polo-Shirt,Category_Highlight,Black,4.0,1
585729,Tunic,Category_Highlight,Multi-Color,2.6,0
594436,Blouse,Display_Ad_Campaign,White,4.9,1
974200,Tunic,Category_Highlight,White,4.2,1
162299,Polo-Shirt,Category_Highlight,Orange,1.8,0
351163,Tunic,Display_Ad_Campaign,Black,3.4,0
218385,Polo-Shirt,Display_Ad_Campaign,Yellow,4.6,1
773487,T-Shirt,Frontpage_Header,Red,4.0,1
349019,T-Shirt,Category_Highlight,Yellow,3.7,1
237976,Tunic,Category_Highlight,Multi-Color,3.5,1
748691,Tunic,Frontpage_Header,Multi-Color,2.5,0
492832,Tunic,Category_Highlight,Black,4.2,1
564181,Polo-Shirt,Category_Highlight,Blue,4.0,1
864453,T-Shirt,Display_Ad_Campaign,Multi-Color,1.9,0
713703,Blouse,Display_Ad_Campaign,Blue,4.7,1
402696,Tunic,Category_Highlight,Blue,4.9,1
452327,Tunic,Category_Highlight,Red,2.5,0
268902,Polo-Shirt,Display_Ad_Campaign,Yellow,3.8,1
875528,Blouse,Frontpage_Header,Red,1.9,0
966955,Sweatshirt,Frontpage_Header,Green,2.6,1
761321,T-Shirt,Category_Highlight,Blue,3.3,1
246533,T-Shirt,Catalog,Red,4.4,1
410112,Blouse,Frontpage_Header,Orange,4.1,1
233835,T-Shirt,Frontpage_Header,Yellow,4.5,1
730115,T-Shirt,Category_Highlight,Black,3.8,1
399146,Sweatshirt,Display_Ad_Campaign,Black,4.7,1
696090,Blouse,Frontpage_Header,Red,4.0,1
487839,Polo-Shirt,Category_Highlight,Yellow,4.2,1
247528,Tunic,Category_Highlight,Yellow,2.9,0
595658,T-Shirt,Display_Ad_Campaign,Black,3.9,1
143119,Hoodie,Catalog,Yellow,3.1,0
398716,Tunic,Category_Highlight,Red,3.7,0
863413,Polo-Shirt,Catalog,Yellow,3.5,1
827675,Sweatshirt,Display_Ad_Campaign,Orange,4.4,1
273699,Tunic,Display_Ad_Campaign,Yellow,4.8,1
700107,Blouse,Display_Ad_Campaign,Black,3.7,1
920871,T-Shirt,Catalog,Yellow,5.0,1
173461,Blouse,Frontpage_Header,Red,4.7,1
938351,Sweatshirt,Frontpage_Header,Orange,3.3,1
491168,Tunic,Catalog,Green,2.3,0
791946,Tunic,Category_Highlight,Brown,4.6,1
673144,Tunic,Catalog,Green,2.3,0
557196,Polo-Shirt,Display_Ad_Campaign,Yellow,3.7,1
691227,Hoodie,Catalog,Green,3.3,1
860611,Tunic,Category_Highlight,White,4.3,1
631335,Polo-Shirt,Catalog,Green,3.8,1
726862,Blouse,Category_Highlight,Blue,2.0,0
229794,Hoodie,Catalog,White,5.3,1
905213,Polo-Shirt,Catalog,Yellow,4.3,1
457596,Sweatshirt,Category_Highlight,Red,1.7,0
950323,Sweatshirt,Display_Ad_Campaign,Multi-Color,2.3,0
284430,Hoodie,Frontpage_Header,Pink,3.1,1
350341,Blouse,Frontpage_Header,Multi-Color,1.7,0
507189,Hoodie,Category_Highlight,White,4.8,1
738050,Sweatshirt,Frontpage_Header,Blue,4.0,1
136663,Tunic,Frontpage_Header,Multi-Color,3.4,1
846786,Tunic,Category_Highlight,Multi-Color,3.7,1
802603,Blouse,Frontpage_Header,Multi-Color,2.9,0
395995,Hoodie,Catalog,Pink,2.9,1
375566,Polo-Shirt,Catalog,Multi-Color,2.7,0
607914,T-Shirt,Catalog,Yellow,3.7,1
872187,T-Shirt,Frontpage_Header,Multi-Color,1.9,0
968487,Polo-Shirt,Catalog,Blue,1.3,0
285674,Hoodie,Display_Ad_Campaign,Yellow,3.9,1
808626,Tunic,Category_Highlight,Green,4.1,1
718237,T-Shirt,Catalog,Blue,2.0,0
327667,Hoodie,Catalog,Blue,1.6,0
131357,T-Shirt,Category_Highlight,Multi-Color,3.8,1
113108,Sweatshirt,Frontpage_Header,Green,3.2,1
292241,Sweatshirt,Category_Highlight,Blue,2.8,1
886391,Tunic,Frontpage_Header,Black,3.9,1
907469,Polo-Shirt,Catalog,Multi-Color,2.5,0
647169,Sweatshirt,Catalog,Black,4.8,1
559236,Hoodie,Frontpage_Header,Green,2.1,0
244268,Blouse,Catalog,Brown,5.2,1
847555,Tunic,Category_Highlight,Multi-Color,2.4,0
766783,T-Shirt,Frontpage_Header,Yellow,4.4,1
192180,Polo-Shirt,Category_Highlight,Pink,2.9,1
875764,Hoodie,Catalog,Yellow,2.7,0
920459,T-Shirt,Category_Highlight,Green,4.4,1
199582,Hoodie,Category_Highlight,Yellow,3.8,1
695957,Polo-Shirt,Category_Highlight,Blue,3.2,1
531550,T-Shirt,Frontpage_Header,Yellow,3.8,1
465394,Sweatshirt,Frontpage_Header,Blue,3.7,1
876529,Sweatshirt,Catalog,Red,1.9,0
476802,Blouse,Frontpage_Header,Red,3.8,1
686723,T-Shirt,Display_Ad_Campaign,Red,4.2,1
654218,Tunic,Frontpage_Header,Multi-Color,3.3,1
691732,T-Shirt,Frontpage_Header,Multi-Color,5.4,1
173596,Sweatshirt,Display_Ad_Campaign,White,3.0,1
955593,Sweatshirt,Catalog,Red,2.0,0
398744,Tunic,Frontpage_Header,Multi-Color,2.9,1
484350,Sweatshirt,Category_Highlight,Red,1.4,0
557858,Polo-Shirt,Catalog,Pink,2.7,0
121855,Polo-Shirt,Category_Highlight,Pink,2.6,0
931581,Tunic,Catalog,Blue,5.2,1
727400,Polo-Shirt,Display_Ad_Campaign,Yellow,4.9,1
780051,Polo-Shirt,Category_Highlight,Multi-Color,3.2,0
980801,T-Shirt,Category_Highlight,Multi-Color,3.5,1
768374,T-Shirt,Catalog,Red,4.3,1
495569,T-Shirt,Frontpage_Header,Pink,4.7,1
186941,Sweatshirt,Catalog,Yellow,3.1,1
199259,Polo-Shirt,Category_Highlight,Blue,3.0,0
970068,Blouse,Catalog,Pink,3.9,1
799988,T-Shirt,Category_Highlight,Green,5.2,1
210295,Hoodie,Catalog,Green,2.1,0
346675,Blouse,Display_Ad_Campaign,Brown,5.6,1
708007,Sweatshirt,Catalog,Yellow,3.0,1
551597,T-Shirt,Category_Highlight,Black,4.3,1
224444,Blouse,Catalog,Black,3.1,1
536995,T-Shirt,Catalog,Black,4.0,1
477572,Sweatshirt,Catalog,Green,3.4,1
267250,Hoodie,Display_Ad_Campaign,Orange,4.4,1
773461,Blouse,Catalog,Black,5.1,1
517815,Sweatshirt,Frontpage_Header,Blue,3.5,1
769765,Blouse,Display_Ad_Campaign,Blue,4.4,1
271452,Polo-Shirt,Category_Highlight,Orange,3.5,1
628169,Polo-Shirt,Frontpage_Header,Yellow,3.1,0
931090,T-Shirt,Category_Highlight,Blue,2.8,1
335074,Hoodie,Catalog,Orange,2.8,1
278754,Hoodie,Category_Highlight,Yellow,2.8,0
406575,Tunic,Category_Highlight,Brown,4.4,1
169604,Polo-Shirt,Category_Highlight,White,2.7,0
230277,Tunic,Category_Highlight,Blue,5.4,1
359600,Blouse,Frontpage_Header,Black,4.5,1
887115,Polo-Shirt,Category_Highlight,Brown,2.9,1
936423,Polo-Shirt,Display_Ad_Campaign,Pink,4.7,1
575647,Tunic,Category_Highlight,Orange,2.0,0
626735,Hoodie,Catalog,Green,2.7,0
303868,Tunic,Catalog,Brown,2.2,0
656692,Tunic,Catalog,Green,3.3,0
428614,Sweatshirt,Catalog,Multi-Color,1.5,0
309838,Tunic,Display_Ad_Campaign,Multi-Color,4.3,1
179311,Polo-Shirt,Catalog,Pink,4.4,1
788027,T-Shirt,Catalog,Red,4.5,1
252024,Hoodie,Display_Ad_Campaign,Orange,4.9,1
747773,Tunic,Category_Highlight,Blue,4.1,1
550107,Blouse,Display_Ad_Campaign,Brown,5.1,1
444530,Tunic,Display_Ad_Campaign,Black,3.2,0
593022,Sweatshirt,Category_Highlight,Red,1.3,0
942059,Hoodie,Category_Highlight,White,3.9,1
788032,Tunic,Category_Highlight,Multi-Color,2.8,0
332905,Blouse,Catalog,Orange,4.7,1
827729,T-Shirt,Category_Highlight,Yellow,4.0,1
710871,Sweatshirt,Display_Ad_Campaign,Orange,4.2,1
629015,T-Shirt,Frontpage_Header,Multi-Color,4.3,1
263372,Tunic,Category_Highlight,Green,3.3,1
170483,Blouse,Frontpage_Header,Black,5.2,1
600337,Polo-Shirt,Catalog,Brown,3.2,1
212497,Sweatshirt,Catalog,Multi-Color,2.3,0
234855,Blouse,Frontpage_Header,Green,2.4,0
300583,Hoodie,Category_Highlight,White,4.5,1
919298,Polo-Shirt,Category_Highlight,Orange,3.0,0
747144,Hoodie,Catalog,Orange,4.5,1
509715,T-Shirt,Catalog,Orange,4.3,1
760480,Sweatshirt,Display_Ad_Campaign,Pink,4.9,1
772806,Tunic,Category_Highlight,Multi-Color,3.4,1
524634,Sweatshirt,Catalog,Orange,3.6,1
776830,T-Shirt,Category_Highlight,Blue,3.2,1
853155,Blouse,Display_Ad_Campaign,Green,3.7,1
540712,Polo-Shirt,Catalog,Multi-Color,3.3,0
319418,Tunic,Category_Highlight,Yellow,3.8,1
535297,Blouse,Display_Ad_Campaign,Red,1.8,0
793310,Polo-Shirt,Catalog,Multi-Color,3.1,0
852052,Sweatshirt,Frontpage_Header,Yellow,3.2,1
946408,Tunic,Frontpage_Header,Black,3.2,1
907450,Tunic,Frontpage_Header,Pink,3.2,1
491746,Tunic,Category_Highlight,Multi-Color,3.1,1
759278,Tunic,Catalog,Brown,3.4,1
860108,Tunic,Category_Highlight,Black,4.5,1
322406,Sweatshirt,Catalog,Black,5.2,1
661510,Tunic,Frontpage_Header,Blue,3.0,1
106230,Tunic,Category_Highlight,Pink,2.4,0
967962,Blouse,Frontpage_Header,Blue,4.5,1
333327,Blouse,Display_Ad_Campaign,Blue,5.1,1
883507,Tunic,Catalog,Green,2.9,0
493384,Polo-Shirt,Category_Highlight,Yellow,2.9,0
720511,Polo-Shirt,Catalog,Yellow,3.1,0
231462,Blouse,Catalog,Yellow,4.2,1
799173,Sweatshirt,Catalog,Orange,4.3,1
263684,Hoodie,Frontpage_Header,Blue,3.7,1
369197,Blouse,Category_Highlight,Blue,3.3,1
780491,T-Shirt,Display_Ad_Campaign,Black,3.4,1
402640,Tunic,Category_Highlight,Multi-Color,3.2,1
716360,Hoodie,Catalog,Yellow,2.9,0
123438,T-Shirt,Catalog,Black,2.7,1
309565,Polo-Shirt,Catalog,Pink,3.9,1
635925,Sweatshirt,Frontpage_Header,Black,3.4,1
871893,Polo-Shirt,Frontpage_Header,White,2.8,0
851884,Blouse,Display_Ad_Campaign,Brown,4.9,1
246104,T-Shirt,Category_Highlight,Multi-Color,1.7,0
622589,Hoodie,Display_Ad_Campaign,Yellow,2.1,0
954012,Tunic,Category_Highlight,Pink,2.2,0
547904,Sweatshirt,Frontpage_Header,Green,2.8,1
227587,Hoodie,Catalog,Green,4.5,1
332221,Tunic,Category_Highlight,Brown,4.3,1
809760,Tunic,Display_Ad_Campaign,Black,2.8,0
836730,Hoodie,Category_Highlight,Orange,2.0,0
858016,Tunic,Category_Highlight,Multi-Color,2.7,0
301327,Hoodie,Catalog,Yellow,2.8,0
285717,Tunic,Frontpage_Header,Red,2.4,0
522674,Blouse,Display_Ad_Campaign,Brown,5.8,1
660011,Polo-Shirt,Category_Highlight,Blue,3.3,1
913636,T-Shirt,Category_Highlight,Yellow,4.0,1
520966,Polo-Shirt,Category_Highlight,Green,3.2,1
935286,Sweatshirt,Frontpage_Header,Red,1.4,0
459173,Blouse,Display_Ad_Campaign,Blue,5.0,1
180834,Polo-Shirt,Frontpage_Header,Green,2.3,0
247182,Hoodie,Category_Highlight,Green,4.1,1
813577,Blouse,Frontpage_Header,Red,1.6,0
244133,Hoodie,Catalog,Green,3.8,1
808914,Polo-Shirt,Frontpage_Header,Brown,3.0,0
301608,Hoodie,Frontpage_Header,Yellow,2.2,0
481044,Tunic,Frontpage_Header,Red,3.7,1
794197,T-Shirt,Category_Highlight,Blue,3.6,1
643455,T-Shirt,Category_Highlight,Blue,2.9,1
653193,Sweatshirt,Catalog,Multi-Color,1.8,0
238027,Tunic,Frontpage_Header,Blue,3.4,1
782094,Tunic,Frontpage_Header,Blue,3.6,1
657662,T-Shirt,Frontpage_Header,Yellow,4.5,1
877634,Blouse,Frontpage_Header,Multi-Color,2.1,0
978759,Polo-Shirt,Catalog,Multi-Color,3.7,0
763910,T-Shirt,Category_Highlight,Green,4.1,1
389296,Sweatshirt,Display_Ad_Campaign,Blue,3.3,1
565342,Polo-Shirt,Frontpage_Header,Yellow,2.4,0
720681,Sweatshirt,Display_Ad_Campaign,Blue,3.7,1
956230,T-Shirt,Category_Highlight,Yellow,4.3,1
280835,Sweatshirt,Frontpage_Header,Yellow,3.4,1
237419,Blouse,Display_Ad_Campaign,Brown,5.0,1
735220,T-Shirt,Frontpage_Header,Yellow,4.2,1
962589,Hoodie,Frontpage_Header,Blue,3.1,1
907905,Hoodie,Category_Highlight,Blue,4.5,1
510849,Polo-Shirt,Catalog,Blue,1.8,0
766331,Tunic,Category_Highlight,Green,3.2,1
297071,Polo-Shirt,Frontpage_Header,Brown,2.4,0
204394,Tunic,Category_Highlight,Red,3.4,0
469097,Sweatshirt,Display_Ad_Campaign,Orange,4.6,1
855310,Polo-Shirt,Category_Highlight,Green,3.9,1
897822,Hoodie,Category_Highlight,Blue,4.4,1
839981,T-Shirt,Category_Highlight,Blue,3.9,1
762895,Polo-Shirt,Catalog,Pink,3.2,1
902246,Blouse,Category_Highlight,Black,4.6,1
170161,T-Shirt,Frontpage_Header,Green,4.5,1
205302,Polo-Shirt,Category_Highlight,Multi-Color,2.7,0
416347,Tunic,Category_Highlight,White,3.7,1
121326,Hoodie,Display_Ad_Campaign,Yellow,4.9,1
744651,T-Shirt,Frontpage_Header,Yellow,3.9,1
104681,Sweatshirt,Catalog,Multi-Color,1.9,0
869194,Hoodie,Category_Highlight,Blue,3.5,1
642161,Tunic,Frontpage_Header,Red,3.7,1
371304,Polo-Shirt,Frontpage_Header,Yellow,2.4,0
974644,Hoodie,Catalog,Orange,3.2,1
924668,Tunic,Category_Highlight,Yellow,3.7,1
389920,Tunic,Frontpage_Header,Multi-Color,3.0,1
178093,Polo-Shirt,Catalog,Brown,2.9,0
904540,Hoodie,Catalog,Green,3.8,1
616188,Sweatshirt,Frontpage_Header,Blue,2.9,1
704071,Tunic,Category_Highlight,Pink,1.9,0
850711,Sweatshirt,Frontpage_Header,Blue,3.7,1
619965,T-Shirt,Catalog,Multi-Color,3.1,1
933665,Sweatshirt,Category_Highlight,Red,1.6,0
885348,Polo-Shirt,Category_Highlight,Brown,3.7,1
479739,Tunic,Display_Ad_Campaign,Black,2.8,0
291508,T-Shirt,Category_Highlight,Blue,2.9,1
817676,Polo-Shirt,Category_Highlight,Multi-Color,3.0,0
599558,T-Shirt,Frontpage_Header,Pink,4.2,1
847320,Hoodie,Category_Highlight,White,4.9,1
463834,Sweatshirt,Display_Ad_Campaign,Blue,3.2,1
210361,Blouse,Catalog,Yellow,3.6,1
507542,Polo-Shirt,Catalog,Pink,2.6,0
842104,Sweatshirt,Catalog,Orange,4.6,1
421159,Sweatshirt,Frontpage_Header,Orange,4.2,1
228627,Hoodie,Category_Highlight,White,4.4,1
213183,Polo-Shirt,Category_Highlight,Blue,3.0,0
204801,Blouse,Category_Highlight,Red,1.4,0
519148,Tunic,Catalog,Green,2.5,0
262223,T-Shirt,Catalog,Multi-Color,1.7,0
541156,Polo-Shirt,Catalog,Pink,3.5,1
657512,Tunic,Catalog,Green,2.6,0
817062,Tunic,Frontpage_Header,Multi-Color,2.9,1
896419,Polo-Shirt,Catalog,Pink,3.4,1
598314,Hoodie,Catalog,Multi-Color,2.3,0
135234,Tunic,Category_Highlight,Multi-Color,3.3,1
269320,Tunic,Catalog,Green,2.5,0
432239,Sweatshirt,Frontpage_Header,Green,3.0,1
375103,Polo-Shirt,Frontpage_Header,Brown,2.7,0
190499,Tunic,Category_Highlight,Blue,4.7,1
618058,Hoodie,Frontpage_Header,Blue,4.2,1
136227,Blouse,Catalog,Yellow,4.1,1
612923,Sweatshirt,Catalog,Orange,2.8,1
523260,Hoodie,Frontpage_Header,Green,3.4,1
890654,Tunic,Category_Highlight,Blue,4.7,1
375146,Tunic,Category_Highlight,Brown,4.1,1
213023,Polo-Shirt,Catalog,Multi-Color,3.6,0
109264,T-Shirt,Display_Ad_Campaign,Black,3.8,1
971902,Polo-Shirt,Catalog,Yellow,4.1,1
401327,Sweatshirt,Catalog,Orange,3.8,1
952736,Blouse,Category_Highlight,Orange,3.7,1
273900,T-Shirt,Category_Highlight,Pink,3.9,1
533005,Hoodie,Frontpage_Header,Green,3.2,1
579123,Polo-Shirt,Frontpage_Header,Yellow,2.3,0
478527,Sweatshirt,Frontpage_Header,Pink,3.1,1
988805,Polo-Shirt,Category_Highlight,Pink,3.6,1
232920,Polo-Shirt,Catalog,Blue,1.5,0
891054,T-Shirt,Category_Highlight,Blue,2.0,1
214453,Tunic,Frontpage_Header,Blue,3.4,1
959044,Tunic,Frontpage_Header,Blue,3.4,1
466964,T-Shirt,Frontpage_Header,Yellow,4.4,1
360484,Sweatshirt,Catalog,Yellow,3.3,1
767189,T-Shirt,Frontpage_Header,Yellow,4.3,1
159789,Sweatshirt,Catalog,Orange,3.9,1
250579,Polo-Shirt,Display_Ad_Campaign,Blue,2.0,0
609436,Sweatshirt,Category_Highlight,Orange,1.2,0
861540,Polo-Shirt,Catalog,Orange,3.1,0
574643,Polo-Shirt,Catalog,Yellow,3.4,1
220937,Hoodie,Catalog,Green,3.8,1
914087,Polo-Shirt,Category_Highlight,Yellow,2.3,0
982755,Tunic,Category_Highlight,Blue,3.4,1
926332,Tunic,Catalog,Brown,4.1,1
312232,T-Shirt,Frontpage_Header,Multi-Color,4.5,1
282377,Hoodie,Catalog,Yellow,2.8,0
300297,Tunic,Catalog,Red,2.7,0
110667,T-Shirt,Catalog,Red,4.6,1
443380,T-Shirt,Category_Highlight,Black,3.2,1
522830,Blouse,Catalog,Yellow,3.9,1
168511,T-Shirt,Display_Ad_Campaign,Black,3.3,1
720349,Tunic,Catalog,Blue,4.5,1
724763,Hoodie,Catalog,White,4.3,1
636908,Tunic,Frontpage_Header,Multi-Color,3.1,1
236096,Blouse,Catalog,Blue,1.5,0
436400,Sweatshirt,Catalog,Black,4.7,1
334342,Polo-Shirt,Catalog,Green,4.3,1
162557,Polo-Shirt,Catalog,Blue,3.1,0
197543,Tunic,Category_Highlight,Blue,4.4,1
821829,T-Shirt,Category_Highlight,Green,5.7,1
340571,T-Shirt,Category_Highlight,Yellow,4.2,1
382178,Tunic,Frontpage_Header,Multi-Color,2.8,1
836026,Tunic,Frontpage_Header,Pink,2.8,1
461398,Polo-Shirt,Catalog,Pink,3.9,1
466254,Tunic,Display_Ad_Campaign,Blue,1.7,0
269501,Hoodie,Catalog,Pink,3.6,1
748092,Sweatshirt,Frontpage_Header,Pink,3.2,1
488068,Polo-Shirt,Category_Highlight,Orange,2.7,0
321223,Sweatshirt,Catalog,Orange,4.4,1
527453,Tunic,Display_Ad_Campaign,Black,3.3,0
190457,Tunic,Catalog,Multi-Color,2.2,0
863872,T-Shirt,Category_Highlight,Blue,2.7,1
776235,Blouse,Display_Ad_Campaign,Blue,5.0,1
358925,Blouse,Catalog,Blue,5.4,1
870668,T-Shirt,Catalog,Yellow,3.1,1
114269,Blouse,Display_Ad_Campaign,Multi-Color,1.3,0
423125,Polo-Shirt,Category_Highlight,Blue,3.5,1
433308,Hoodie,Catalog,Yellow,3.1,0
782286,Sweatshirt,Catalog,Black,4.5,1
254583,Sweatshirt,Catalog,Green,4.2,1
777182,Blouse,Display_Ad_Campaign,White,5.3,1
759227,Sweatshirt,Frontpage_Header,Orange,4.4,1
134701,Sweatshirt,Category_Highlight,Blue,3.2,1
331937,Hoodie,Display_Ad_Campaign,Yellow,4.9,1
152458,Polo-Shirt,Display_Ad_Campaign,Yellow,5.4,1
393833,T-Shirt,Category_Highlight,Blue,2.7,1
308008,T-Shirt,Catalog,Black,3.6,1
476160,T-Shirt,Category_Highlight,Red,4.5,1
715890,Polo-Shirt,Frontpage_Header,Red,3.1,0
106555,Tunic,Frontpage_Header,Multi-Color,3.4,1
592315,Polo-Shirt,Catalog,Blue,1.3,0
944431,T-Shirt,Frontpage_Header,Blue,3.3,1
615981,T-Shirt,Category_Highlight,Blue,3.0,1
903391,Polo-Shirt,Category_Highlight,Blue,2.0,0
478674,Sweatshirt,Catalog,Orange,3.7,1
796113,T-Shirt,Category_Highlight,Multi-Color,4.4,1
410608,Sweatshirt,Catalog,Black,4.6,1
886096,Hoodie,Category_Highlight,White,4.0,1
310970,Blouse,Frontpage_Header,Red,4.2,1
979549,Hoodie,Catalog,Pink,3.3,1
727012,T-Shirt,Display_Ad_Campaign,Blue,3.2,1
562980,Hoodie,Catalog,Pink,3.1,1
376778,T-Shirt,Display_Ad_Campaign,Black,4.6,1
300162,Hoodie,Catalog,Yellow,3.8,1
382430,Hoodie,Category_Highlight,Multi-Color,3.3,0
940176,Polo-Shirt,Catalog,Blue,2.2,0
107598,Polo-Shirt,Display_Ad_Campaign,Pink,5.0,1
251244,T-Shirt,Frontpage_Header,Multi-Color,3.6,1
705668,Polo-Shirt,Catalog,Blue,2.7,0
186044,Hoodie,Display_Ad_Campaign,Yellow,3.3,0
413977,Sweatshirt,Catalog,Black,4.5,1
941688,T-Shirt,Display_Ad_Campaign,Black,4.3,1
965004,Hoodie,Display_Ad_Campaign,Yellow,4.8,1
697301,T-Shirt,Category_Highlight,Multi-Color,3.3,1
951458,Hoodie,Catalog,Green,3.5,1
539316,Sweatshirt,Frontpage_Header,Green,3.1,1
109002,Blouse,Frontpage_Header,Multi-Color,4.8,1
270338,Polo-Shirt,Category_Highlight,Yellow,3.5,1
206402,Blouse,Frontpage_Header,Red,4.1,1
254956,Polo-Shirt,Frontpage_Header,Pink,3.2,1
669612,Blouse,Frontpage_Header,Black,4.9,1
165706,Polo-Shirt,Catalog,Yellow,3.7,1
680026,Blouse,Display_Ad_Campaign,Yellow,3.1,0
403364,Sweatshirt,Category_Highlight,Red,0.7,0
769666,Tunic,Catalog,Green,2.5,0
861225,Blouse,Frontpage_Header,Blue,4.0,1
481889,Polo-Shirt,Catalog,Blue,1.9,0
122887,Sweatshirt,Catalog,Multi-Color,2.5,0
174048,Tunic,Frontpage_Header,Multi-Color,2.9,1
672061,Blouse,Frontpage_Header,Black,4.9,1
658964,Sweatshirt,Frontpage_Header,Pink,3.2,1
318945,Sweatshirt,Display_Ad_Campaign,Orange,4.9,1
838570,Tunic,Display_Ad_Campaign,Multi-Color,4.2,1
533028,Hoodie,Display_Ad_Campaign,Yellow,4.4,1
585040,Sweatshirt,Category_Highlight,Green,3.6,1
522779,Hoodie,Frontpage_Header,Brown,2.1,0
470658,Sweatshirt,Category_Highlight,Red,1.3,0
663786,Sweatshirt,Catalog,Pink,5.0,1
551743,Tunic,Category_Highlight,Brown,2.6,0
895895,Tunic,Frontpage_Header,Yellow,2.3,0
907649,Sweatshirt,Display_Ad_Campaign,Yellow,3.4,1
705758,T-Shirt,Frontpage_Header,Multi-Color,3.3,1
952003,Tunic,Catalog,Brown,4.1,1
788948,Polo-Shirt,Catalog,Pink,4.4,1
682941,Hoodie,Category_Highlight,White,4.0,1
603322,Blouse,Catalog,Pink,4.2,1
921618,T-Shirt,Category_Highlight,Yellow,4.9,1
308473,Polo-Shirt,Catalog,Pink,3.4,1
906890,Blouse,Frontpage_Header,Blue,3.9,1
734074,Polo-Shirt,Catalog,Multi-Color,2.7,0
407123,Sweatshirt,Display_Ad_Campaign,Red,2.5,0
576844,Sweatshirt,Display_Ad_Campaign,White,5.4,1
307519,Polo-Shirt,Catalog,Brown,3.4,1
860450,T-Shirt,Category_Highlight,Multi-Color,4.6,1
669357,T-Shirt,Catalog,Multi-Color,1.3,0
288613,Sweatshirt,Catalog,Blue,3.2,1
702584,Blouse,Frontpage_Header,Multi-Color,2.1,0
715252,Hoodie,Catalog,Yellow,2.6,0
726799,Sweatshirt,Catalog,Green,3.8,1
426264,Sweatshirt,Frontpage_Header,Green,2.8,1
216806,Blouse,Category_Highlight,Blue,2.6,0
373270,Polo-Shirt,Catalog,Pink,4.1,1
263267,Sweatshirt,Catalog,Black,4.7,1
986909,T-Shirt,Category_Highlight,Black,3.9,1
839329,Tunic,Category_Highlight,Multi-Color,3.3,1
110136,Hoodie,Catalog,Orange,3.2,1
885847,Hoodie,Catalog,Pink,3.8,1
121501,Polo-Shirt,Catalog,Black,1.3,0
127872,Sweatshirt,Display_Ad_Campaign,Blue,3.5,1
677501,Tunic,Category_Highlight,White,4.6,1
511730,Polo-Shirt,Category_Highlight,Orange,2.7,0
896612,Sweatshirt,Catalog,Blue,3.4,1
171139,Polo-Shirt,Catalog,Pink,3.3,1
159966,Tunic,Catalog,Yellow,2.4,0
445284,T-Shirt,Category_Highlight,Black,3.2,1
926931,Polo-Shirt,Category_Highlight,Brown,4.2,1
759122,Blouse,Catalog,Yellow,4.1,1
422870,Polo-Shirt,Display_Ad_Campaign,Yellow,4.4,1
414934,T-Shirt,Category_Highlight,Green,4.6,1
659096,T-Shirt,Category_Highlight,White,2.9,1
343186,Hoodie,Category_Highlight,Multi-Color,2.0,0
163360,T-Shirt,Category_Highlight,Yellow,4.1,1
363633,T-Shirt,Display_Ad_Campaign,Orange,4.6,1
692356,T-Shirt,Catalog,Black,3.0,1
161184,Tunic,Catalog,Black,5.2,1
189438,Blouse,Frontpage_Header,Blue,3.2,1
198452,Sweatshirt,Catalog,Multi-Color,1.8,0
257890,Blouse,Category_Highlight,Multi-Color,2.7,0
981410,Tunic,Catalog,Brown,2.1,0
567321,Tunic,Display_Ad_Campaign,Multi-Color,4.5,1
829087,Blouse,Display_Ad_Campaign,Blue,5.2,1
129588,Sweatshirt,Frontpage_Header,Red,1.9,0
974916,T-Shirt,Frontpage_Header,Multi-Color,3.9,1
607542,Tunic,Category_Highlight,Yellow,2.7,0
905973,Polo-Shirt,Catalog,Multi-Color,3.1,0
229952,Blouse,Category_Highlight,Blue,2.1,0
624415,T-Shirt,Frontpage_Header,Yellow,3.7,1
575863,Tunic,Frontpage_Header,Multi-Color,2.9,1
851828,Polo-Shirt,Category_Highlight,Orange,2.2,0
544491,Sweatshirt,Catalog,Red,1.6,0
362976,Hoodie,Category_Highlight,White,4.4,1
246001,Sweatshirt,Frontpage_Header,Blue,3.2,1
792553,T-Shirt,Catalog,Multi-Color,2.2,0
978367,Tunic,Display_Ad_Campaign,Black,2.9,0
554395,Blouse,Display_Ad_Campaign,Red,3.7,1
684630,T-Shirt,Catalog,Black,3.8,1
267971,Tunic,Display_Ad_Campaign,Green,2.4,0
301184,Polo-Shirt,Category_Highlight,Brown,4.2,1
675740,Tunic,Catalog,Yellow,4.3,1
328560,Tunic,Frontpage_Header,White,3.8,1
354180,Sweatshirt,Catalog,Multi-Color,2.8,0
272082,Blouse,Frontpage_Header,Multi-Color,2.8,0
367303,T-Shirt,Category_Highlight,Yellow,4.7,1
622855,Sweatshirt,Catalog,Black,5.2,1
570105,Tunic,Category_Highlight,Red,3.4,0
415278,T-Shirt,Category_Highlight,Green,4.7,1
113913,T-Shirt,Frontpage_Header,Multi-Color,4.0,1
968974,Hoodie,Catalog,Yellow,2.7,0
214941,T-Shirt,Frontpage_Header,Multi-Color,4.3,1
447730,Polo-Shirt,Frontpage_Header,Orange,2.5,0
399298,Polo-Shirt,Category_Highlight,Blue,3.2,1
838930,Polo-Shirt,Catalog,Brown,3.9,1
317549,Sweatshirt,Frontpage_Header,Blue,3.6,1
555034,Blouse,Category_Highlight,Multi-Color,3.2,0
694099,Tunic,Catalog,Pink,4.1,1
135698,T-Shirt,Frontpage_Header,Multi-Color,4.5,1
382882,Polo-Shirt,Catalog,Pink,4.0,1
550941,Tunic,Frontpage_Header,Blue,3.3,1
168291,T-Shirt,Category_Highlight,Yellow,4.1,1
524534,Tunic,Category_Highlight,Green,3.7,1
870896,Blouse,Frontpage_Header,Multi-Color,2.1,0
493363,T-Shirt,Display_Ad_Campaign,Blue,4.0,1
251185,Polo-Shirt,Category_Highlight,Brown,3.8,1
901745,T-Shirt,Category_Highlight,Multi-Color,3.6,1
780744,Hoodie,Catalog,Red,1.5,0
372808,Sweatshirt,Category_Highlight,Red,1.3,0
704487,Polo-Shirt,Catalog,Pink,2.6,0
317772,Hoodie,Category_Highlight,Orange,3.4,1
218642,T-Shirt,Category_Highlight,Green,5.2,1
884160,Sweatshirt,Catalog,Multi-Color,2.3,0
799174,Sweatshirt,Catalog,Orange,2.1,0
954564,Polo-Shirt,Catalog,Black,2.2,0
151278,T-Shirt,Frontpage_Header,Multi-Color,3.0,1
607051,Polo-Shirt,Frontpage_Header,Green,2.3,0
550114,Sweatshirt,Catalog,Black,5.2,1
892267,Blouse,Frontpage_Header,Red,4.5,1
533919,Tunic,Frontpage_Header,Yellow,2.3,0
184436,Sweatshirt,Frontpage_Header,Green,2.8,1
566336,Tunic,Frontpage_Header,Black,4.4,1
847481,Tunic,Category_Highlight,Yellow,3.1,0
967980,Polo-Shirt,Frontpage_Header,Orange,1.9,0
643033,Sweatshirt,Frontpage_Header,Blue,2.5,1
653909,Polo-Shirt,Category_Highlight,Black,3.6,1
965887,Tunic,Category_Highlight,Pink,2.5,0
495820,Sweatshirt,Catalog,Red,2.2,0
846420,T-Shirt,Catalog,Blue,3.0,1
160483,T-Shirt,Frontpage_Header,Multi-Color,4.1,1
853782,Sweatshirt,Category_Highlight,White,4.7,1
485396,Blouse,Frontpage_Header,Red,4.2,1
700052,T-Shirt,Catalog,Yellow,4.1,1
545718,Sweatshirt,Frontpage_Header,Blue,4.0,1
434435,Polo-Shirt,Catalog,Pink,3.3,1
378584,Blouse,Frontpage_Header,Blue,3.1,1
257598,Tunic,Category_Highlight,Red,3.4,0
779686,Sweatshirt,Catalog,Yellow,3.7,1
528755,T-Shirt,Display_Ad_Campaign,Black,3.6,1
796668,Sweatshirt,Frontpage_Header,Multi-Color,2.3,0
254768,Blouse,Category_Highlight,Blue,2.4,0
248641,Sweatshirt,Catalog,Orange,3.8,1
950647,Polo-Shirt,Catalog,Multi-Color,2.5,0
365198,Blouse,Display_Ad_Campaign,Blue,4.8,1
380459,Polo-Shirt,Category_Highlight,Orange,2.2,0
806694,Hoodie,Catalog,Yellow,2.7,0
132801,Blouse,Frontpage_Header,Red,4.3,1
846123,T-Shirt,Category_Highlight,Blue,3.0,1
124948,Polo-Shirt,Frontpage_Header,Green,2.6,0
353501,Hoodie,Catalog,Yellow,3.5,1
262457,Tunic,Category_Highlight,Blue,5.7,1
141547,Tunic,Frontpage_Header,Yellow,2.5,0
693881,T-Shirt,Category_Highlight,Blue,2.6,1
553562,Tunic,Display_Ad_Campaign,Red,3.9,0
421858,Sweatshirt,Display_Ad_Campaign,Orange,4.0,1
616176,Polo-Shirt,Frontpage_Header,Green,2.7,0
591295,T-Shirt,Display_Ad_Campaign,Blue,3.3,1
498364,Sweatshirt,Category_Highlight,Orange,3.5,1
350624,Polo-Shirt,Catalog,Multi-Color,2.9,0
300700,Tunic,Catalog,Green,2.8,0
809350,Blouse,Frontpage_Header,Blue,3.9,1
836398,Tunic,Catalog,Green,2.2,0
371973,Tunic,Display_Ad_Campaign,Multi-Color,4.0,1
130810,T-Shirt,Category_Highlight,Red,4.2,1
565543,Tunic,Display_Ad_Campaign,Black,2.8,0
243052,Tunic,Catalog,Multi-Color,4.9,1
631092,Sweatshirt,Display_Ad_Campaign,Orange,4.5,1
173648,Hoodie,Display_Ad_Campaign,Orange,5.2,1
824617,Tunic,Catalog,Yellow,3.1,0
714309,Blouse,Frontpage_Header,Red,4.1,1
188675,Polo-Shirt,Catalog,Yellow,3.1,0
983756,Polo-Shirt,Catalog,Green,3.4,1
716470,Sweatshirt,Category_Highlight,Red,1.1,0
263887,Tunic,Display_Ad_Campaign,Black,2.5,0
565211,T-Shirt,Category_Highlight,Multi-Color,4.5,1
911478,Hoodie,Display_Ad_Campaign,Green,3.8,1
803074,Sweatshirt,Frontpage_Header,Blue,2.5,1
670986,Sweatshirt,Frontpage_Header,Green,3.3,1
967498,Tunic,Category_Highlight,Yellow,3.5,1
824944,Tunic,Category_Highlight,Green,4.5,1
186208,Sweatshirt,Catalog,Blue,3.1,1
600093,Tunic,Category_Highlight,Pink,2.4,0
799749,Blouse,Frontpage_Header,Red,3.4,1
251555,T-Shirt,Category_Highlight,Multi-Color,1.7,0
141897,Hoodie,Display_Ad_Campaign,Yellow,4.9,1
757471,Tunic,Category_Highlight,Orange,3.4,1
255970,Polo-Shirt,Category_Highlight,Brown,3.3,1
746987,Blouse,Display_Ad_Campaign,White,4.6,1
431465,Tunic,Display_Ad_Campaign,Black,2.6,0
676381,Tunic,Frontpage_Header,Blue,3.6,1
815098,Sweatshirt,Catalog,Black,5.3,1
383208,Hoodie,Display_Ad_Campaign,Black,4.8,1
466488,Hoodie,Category_Highlight,Brown,3.1,1
608277,Sweatshirt,Frontpage_Header,Orange,3.3,1
216383,Tunic,Category_Highlight,Green,4.1,1
123275,Tunic,Display_Ad_Campaign,Multi-Color,4.5,1
510053,Polo-Shirt,Frontpage_Header,Yellow,3.1,0
529473,Polo-Shirt,Category_Highlight,Orange,2.1,0
865260,Blouse,Frontpage_Header,Red,2.1,0
731467,Sweatshirt,Catalog,Black,5.1,1
870990,Hoodie,Catalog,Yellow,2.9,0
820355,Tunic,Category_Highlight,Multi-Color,2.8,0
467646,Hoodie,Display_Ad_Campaign,Orange,4.8,1
900588,Tunic,Frontpage_Header,Blue,4.1,1
294591,Polo-Shirt,Category_Highlight,Brown,4.1,1
930914,T-Shirt,Catalog,Multi-Color,2.1,0
272449,Tunic,Category_Highlight,Black,3.8,1
686179,T-Shirt,Category_Highlight,Pink,3.9,1
809523,T-Shirt,Display_Ad_Campaign,Black,4.1,1
123979,Tunic,Catalog,Yellow,2.6,0
631487,T-Shirt,Category_Highlight,Blue,2.6,1
479552,T-Shirt,Catalog,Blue,3.0,1
979082,Blouse,Frontpage_Header,Multi-Color,5.1,1
599834,T-Shirt,Catalog,Multi-Color,1.5,0
110462,Tunic,Category_Highlight,Blue,3.5,1
453357,Tunic,Display_Ad_Campaign,Blue,2.3,0
989050,Blouse,Frontpage_Header,Red,4.1,1
427356,Polo-Shirt,Category_Highlight,Blue,3.6,1
667305,Sweatshirt,Category_Highlight,Red,1.5,0
511310,Polo-Shirt,Category_Highlight,Orange,2.0,0
527218,Tunic,Display_Ad_Campaign,Black,2.6,0
959222,Tunic,Category_Highlight,Blue,4.1,1
867782,Polo-Shirt,Category_Highlight,Brown,4.2,1
252962,Tunic,Category_Highlight,Yellow,2.3,0
595946,Sweatshirt,Catalog,Multi-Color,2.4,0
465663,Blouse,Category_Highlight,Multi-Color,4.1,1
299018,Polo-Shirt,Category_Highlight,Blue,3.1,1
682213,Tunic,Catalog,Red,3.4,0
290606,T-Shirt,Display_Ad_Campaign,Black,3.6,1
364069,Blouse,Category_Highlight,Blue,3.1,1
855253,Sweatshirt,Display_Ad_Campaign,Orange,4.4,1
720091,Blouse,Category_Highlight,Blue,3.0,1
296912,T-Shirt,Catalog,Blue,3.1,1
500640,Hoodie,Catalog,Green,3.7,1
524032,Tunic,Catalog,Green,2.5,0
713344,Blouse,Category_Highlight,Yellow,4.4,1
557730,Hoodie,Display_Ad_Campaign,Yellow,2.3,0
369316,Blouse,Frontpage_Header,Black,5.2,1
103889,T-Shirt,Frontpage_Header,Green,3.8,1
274130,Tunic,Frontpage_Header,Multi-Color,2.6,0
692908,Sweatshirt,Frontpage_Header,Yellow,3.1,1
784382,Hoodie,Display_Ad_Campaign,Yellow,5.5,1
810170,T-Shirt,Category_Highlight,Blue,2.6,1
710078,Hoodie,Catalog,Green,3.3,1
266806,Blouse,Display_Ad_Campaign,Brown,5.1,1
751954,Polo-Shirt,Display_Ad_Campaign,Pink,4.4,1
686565,Blouse,Catalog,Yellow,3.2,1
799565,Blouse,Display_Ad_Campaign,White,5.0,1
856266,Polo-Shirt,Catalog,Blue,1.5,0
354233,Polo-Shirt,Catalog,Black,2.3,0
751917,Sweatshirt,Category_Highlight,Orange,4.2,1
553766,Polo-Shirt,Category_Highlight,Blue,3.8,1
728883,Polo-Shirt,Catalog,Yellow,2.6,0
341847,Sweatshirt,Frontpage_Header,Orange,3.9,1
436581,Hoodie,Catalog,Yellow,3.3,0
608244,Sweatshirt,Catalog,Red,1.8,0
537529,Sweatshirt,Catalog,Orange,4.2,1
116574,Blouse,Frontpage_Header,Blue,4.0,1
491871,Sweatshirt,Category_Highlight,Red,1.1,0
872990,Polo-Shirt,Catalog,Yellow,3.6,1
289749,Blouse,Display_Ad_Campaign,Brown,5.2,1
670740,Hoodie,Catalog,Brown,3.7,1
771433,Blouse,Display_Ad_Campaign,Blue,4.8,1
944080,Tunic,Catalog,Pink,3.0,1
262558,Polo-Shirt,Catalog,Blue,5.0,1
981754,T-Shirt,Frontpage_Header,Yellow,4.9,1
593241,T-Shirt,Category_Highlight,Green,4.7,1
883410,Polo-Shirt,Frontpage_Header,Yellow,2.1,0
975318,Blouse,Category_Highlight,Multi-Color,2.7,0
331361,Polo-Shirt,Category_Highlight,Multi-Color,2.4,0
792274,T-Shirt,Category_Highlight,Green,5.0,1
294181,Blouse,Frontpage_Header,Black,4.8,1
874519,Polo-Shirt,Category_Highlight,Brown,3.8,1
308551,Hoodie,Catalog,Red,2.2,0
217989,Blouse,Frontpage_Header,Multi-Color,2.2,0
206399,Polo-Shirt,Catalog,Green,3.7,1
262306,Tunic,Display_Ad_Campaign,Black,3.2,0
919060,Hoodie,Category_Highlight,Red,1.7,0
385060,Polo-Shirt,Category_Highlight,Blue,3.3,1
864544,Sweatshirt,Frontpage_Header,Pink,3.7,1
346946,T-Shirt,Frontpage_Header,Yellow,4.2,1
377817,Polo-Shirt,Frontpage_Header,White,4.0,1
470417,Polo-Shirt,Catalog,Multi-Color,2.8,0
407996,Tunic,Display_Ad_Campaign,Black,2.9,0
227353,Blouse,Catalog,Yellow,3.6,1
386097,Hoodie,Catalog,Brown,4.3,1
287066,Polo-Shirt,Category_Highlight,Pink,2.4,0
974811,Polo-Shirt,Frontpage_Header,Green,2.9,0
552609,Sweatshirt,Frontpage_Header,Yellow,3.5,1
362025,Tunic,Frontpage_Header,White,3.2,1
693272,T-Shirt,Category_Highlight,Multi-Color,3.6,1
182695,T-Shirt,Category_Highlight,Pink,4.3,1
131930,Polo-Shirt,Category_Highlight,Multi-Color,2.2,0
321263,Hoodie,Catalog,Red,2.8,0
807491,Polo-Shirt,Catalog,Blue,4.8,1
224047,Sweatshirt,Frontpage_Header,Blue,3.3,1
582507,T-Shirt,Frontpage_Header,Multi-Color,4.4,1
413228,Tunic,Category_Highlight,Multi-Color,3.4,1
975746,Blouse,Category_Highlight,Blue,2.2,0
647659,T-Shirt,Frontpage_Header,Red,2.3,0
117726,Polo-Shirt,Frontpage_Header,Blue,3.2,1
978982,Tunic,Category_Highlight,Multi-Color,4.0,1
851233,Sweatshirt,Display_Ad_Campaign,Blue,3.0,1
713723,Polo-Shirt,Catalog,Pink,3.7,1
354402,Blouse,Frontpage_Header,Multi-Color,1.6,0
126530,T-Shirt,Frontpage_Header,Yellow,4.7,1
753756,Polo-Shirt,Catalog,Yellow,3.9,1
712401,Hoodie,Catalog,Multi-Color,2.3,0
951367,Sweatshirt,Catalog,Multi-Color,1.9,0
939119,Polo-Shirt,Catalog,Green,3.6,1
135197,Tunic,Catalog,Green,2.6,0
384254,T-Shirt,Display_Ad_Campaign,White,4.7,1
705330,Sweatshirt,Display_Ad_Campaign,Black,5.0,1
238462,Tunic,Frontpage_Header,Blue,3.2,1
916861,T-Shirt,Category_Highlight,Black,3.0,1
347527,Sweatshirt,Display_Ad_Campaign,Orange,3.4,1
909377,Sweatshirt,Catalog,Green,3.5,1
922558,Hoodie,Catalog,Orange,3.2,1
967421,Sweatshirt,Catalog,Orange,4.0,1
371483,Tunic,Category_Highlight,Brown,3.6,1
567147,Blouse,Frontpage_Header,Blue,3.9,1
122055,Blouse,Frontpage_Header,Black,4.7,1
753320,Sweatshirt,Frontpage_Header,White,2.9,1
571546,Tunic,Frontpage_Header,Brown,4.0,1
413247,Blouse,Category_Highlight,Orange,4.4,1
851785,Tunic,Frontpage_Header,Multi-Color,2.9,1
144950,T-Shirt,Catalog,Black,4.2,1
824591,Sweatshirt,Catalog,Black,4.4,1
328383,T-Shirt,Catalog,Black,3.0,1
703078,Blouse,Frontpage_Header,Multi-Color,4.4,1
515252,Sweatshirt,Frontpage_Header,Black,3.0,1
725341,T-Shirt,Category_Highlight,Yellow,3.8,1
774909,Tunic,Category_Highlight,Brown,4.1,1
236404,T-Shirt,Catalog,Black,4.2,1
551314,Hoodie,Catalog,Multi-Color,2.0,0
220749,Sweatshirt,Frontpage_Header,Pink,3.5,1
216415,Sweatshirt,Category_Highlight,Red,1.8,0
314673,Polo-Shirt,Category_Highlight,Black,5.4,1
492258,Hoodie,Catalog,Green,3.2,1
960154,Sweatshirt,Category_Highlight,Red,1.7,0
286178,Sweatshirt,Catalog,Black,4.8,1
274230,Hoodie,Catalog,Green,4.0,1
341736,Blouse,Display_Ad_Campaign,Brown,4.7,1
407849,T-Shirt,Category_Highlight,Green,4.9,1
702278,Polo-Shirt,Catalog,Orange,2.9,0
439347,Sweatshirt,Catalog,Orange,4.5,1
838953,Sweatshirt,Category_Highlight,Multi-Color,0.9,0
968548,Polo-Shirt,Catalog,Yellow,4.2,1
583978,Tunic,Display_Ad_Campaign,Multi-Color,4.2,1
904409,Polo-Shirt,Category_Highlight,Blue,2.2,0
172144,Sweatshirt,Display_Ad_Campaign,White,3.9,1
682389,Tunic,Catalog,Black,2.9,0
479567,Blouse,Category_Highlight,Green,4.7,1
537409,Hoodie,Catalog,Orange,3.1,1
223282,Tunic,Category_Highlight,Yellow,2.4,0
673745,Polo-Shirt,Frontpage_Header,Pink,2.8,0
342727,Tunic,Frontpage_Header,Brown,3.7,1
659604,Sweatshirt,Display_Ad_Campaign,White,3.6,1
752908,T-Shirt,Frontpage_Header,Red,2.7,1
602991,T-Shirt,Category_Highlight,Yellow,4.7,1
420092,Sweatshirt,Catalog,Pink,4.5,1
926266,T-Shirt,Category_Highlight,Multi-Color,3.2,1
255815,Tunic,Display_Ad_Campaign,Black,2.8,0
684429,Blouse,Category_Highlight,Pink,3.6,1
497281,T-Shirt,Catalog,Red,4.3,1
107792,Polo-Shirt,Catalog,Pink,3.4,1
453982,Tunic,Display_Ad_Campaign,Red,4.2,1
649342,Tunic,Frontpage_Header,Blue,3.0,1
302661,Tunic,Catalog,Multi-Color,2.6,0
303796,T-Shirt,Category_Highlight,Black,3.6,1
813013,T-Shirt,Category_Highlight,Yellow,3.4,1
280446,Tunic,Frontpage_Header,Yellow,2.4,0
653519,Polo-Shirt,Category_Highlight,Multi-Color,3.1,0
368455,Polo-Shirt,Category_Highlight,White,4.7,1
420069,Polo-Shirt,Catalog,Yellow,3.3,0
731819,T-Shirt,Category_Highlight,Yellow,3.1,1
667395,Hoodie,Category_Highlight,White,4.3,1
731806,Tunic,Display_Ad_Campaign,Multi-Color,4.4,1
905142,Polo-Shirt,Catalog,Yellow,2.8,0
827455,Sweatshirt,Frontpage_Header,Blue,3.2,1
322843,Polo-Shirt,Category_Highlight,Red,3.2,0
751306,T-Shirt,Frontpage_Header,Multi-Color,4.1,1
554297,Hoodie,Display_Ad_Campaign,Yellow,3.4,0
634433,T-Shirt,Frontpage_Header,Yellow,4.8,1
942976,Sweatshirt,Category_Highlight,Orange,4.5,1
506769,Sweatshirt,Catalog,Multi-Color,2.8,0
333010,Sweatshirt,Display_Ad_Campaign,Orange,4.6,1
409249,T-Shirt,Category_Highlight,Yellow,4.1,1
362031,Blouse,Category_Highlight,Black,4.5,1
167937,Polo-Shirt,Catalog,Yellow,3.6,1
161866,Sweatshirt,Category_Highlight,Blue,2.7,0
761566,Polo-Shirt,Catalog,Yellow,3.8,1
700086,Tunic,Display_Ad_Campaign,Multi-Color,4.3,1
244609,Sweatshirt,Catalog,Orange,3.3,1
118498,Sweatshirt,Frontpage_Header,Green,2.9,1
122595,T-Shirt,Frontpage_Header,Blue,4.8,1
655509,Hoodie,Catalog,Red,1.6,0
950182,Tunic,Display_Ad_Campaign,Black,2.3,0
768622,T-Shirt,Frontpage_Header,Multi-Color,4.4,1
843949,Hoodie,Category_Highlight,Orange,2.7,1
622323,Blouse,Frontpage_Header,Blue,3.4,1
305459,Tunic,Display_Ad_Campaign,Multi-Color,4.5,1
746340,Blouse,Catalog,Multi-Color,1.5,0
934819,T-Shirt,Display_Ad_Campaign,Black,4.2,1
291969,Blouse,Frontpage_Header,Orange,4.8,1
561098,Tunic,Category_Highlight,Brown,4.0,1
984291,Hoodie,Catalog,Green,3.5,1
740316,Hoodie,Catalog,Brown,4.5,1
439197,T-Shirt,Category_Highlight,Yellow,5.0,1
266503,Hoodie,Catalog,Black,4.6,1
870143,T-Shirt,Catalog,Black,3.0,1
975319,T-Shirt,Category_Highlight,Blue,2.6,1
111288,Polo-Shirt,Catalog,Multi-Color,3.1,0
893926,Tunic,Frontpage_Header,Black,3.2,1
760217,Sweatshirt,Catalog,Pink,4.1,1
180979,Tunic,Category_Highlight,Blue,4.0,1
887167,Blouse,Frontpage_Header,Blue,2.5,1
597240,Polo-Shirt,Catalog,Blue,2.4,0
714631,T-Shirt,Display_Ad_Campaign,Brown,5.0,1
142981,Blouse,Category_Highlight,Yellow,3.7,1
555607,Hoodie,Category_Highlight,Green,4.3,1
683666,Polo-Shirt,Frontpage_Header,Yellow,2.1,0
820291,Blouse,Frontpage_Header,Black,3.7,1
323097,Sweatshirt,Catalog,Multi-Color,2.3,0
785545,Hoodie,Catalog,Yellow,3.1,0
939638,Sweatshirt,Frontpage_Header,Blue,3.5,1
241966,Tunic,Category_Highlight,Multi-Color,3.3,1
208234,Blouse,Frontpage_Header,Red,4.8,1
532488,Polo-Shirt,Catalog,Brown,3.7,1
559061,Blouse,Frontpage_Header,Multi-Color,3.0,0
219147,T-Shirt,Frontpage_Header,Red,4.6,1
954339,T-Shirt,Display_Ad_Campaign,Black,3.8,1
195984,Sweatshirt,Category_Highlight,Green,3.3,1
955624,Tunic,Category_Highlight,Red,2.9,0
298425,T-Shirt,Catalog,Red,1.8,0
481777,Sweatshirt,Category_Highlight,White,2.8,1
910071,Blouse,Frontpage_Header,Multi-Color,2.9,0
878953,Hoodie,Category_Highlight,Orange,3.4,1
777663,Tunic,Category_Highlight,Blue,4.7,1
352465,T-Shirt,Category_Highlight,Green,4.6,1
547655,Tunic,Category_Highlight,Green,4.2,1
116555,Blouse,Frontpage_Header,Black,5.1,1
905559,Polo-Shirt,Category_Highlight,Orange,2.2,0
109672,Hoodie,Category_Highlight,Green,3.3,1
901013,Blouse,Display_Ad_Campaign,White,3.8,1
334863,Hoodie,Category_Highlight,White,5.4,1
274532,Polo-Shirt,Frontpage_Header,Brown,2.9,0
260746,Sweatshirt,Display_Ad_Campaign,Multi-Color,2.3,0
956420,Sweatshirt,Display_Ad_Campaign,Orange,4.2,1
739073,T-Shirt,Catalog,Multi-Color,2.2,0
835202,Tunic,Catalog,Brown,2.3,0
540656,Polo-Shirt,Catalog,Blue,3.2,1
371561,Tunic,Display_Ad_Campaign,Green,2.4,0
430040,Sweatshirt,Catalog,Red,1.3,0
641024,Hoodie,Catalog,Orange,3.1,1
841656,Hoodie,Category_Highlight,White,4.2,1
124750,T-Shirt,Frontpage_Header,Yellow,4.1,1
760279,Polo-Shirt,Catalog,Blue,3.0,0
951889,Polo-Shirt,Catalog,Yellow,3.8,1
817587,Polo-Shirt,Category_Highlight,Yellow,2.4,0
514669,Tunic,Category_Highlight,Multi-Color,3.0,1
163039,Hoodie,Catalog,Green,3.4,1
767703,Tunic,Frontpage_Header,Multi-Color,2.5,0
142366,Sweatshirt,Display_Ad_Campaign,Orange,5.4,1
472510,Tunic,Category_Highlight,Multi-Color,3.0,1
728530,Blouse,Display_Ad_Campaign,Blue,5.4,1
636374,Sweatshirt,Catalog,Orange,4.0,1
140442,Polo-Shirt,Catalog,Yellow,3.2,0
982487,Tunic,Category_Highlight,Yellow,2.5,0
752279,Blouse,Frontpage_Header,Yellow,5.0,1
883555,Sweatshirt,Frontpage_Header,Black,5.2,1
686031,Polo-Shirt,Frontpage_Header,Brown,3.1,0
779464,Sweatshirt,Catalog,Multi-Color,3.1,0
918041,Polo-Shirt,Category_Highlight,Brown,4.2,1
435394,Hoodie,Category_Highlight,Multi-Color,1.2,0
190097,Sweatshirt,Catalog,Black,4.9,1
316234,Polo-Shirt,Category_Highlight,Yellow,3.8,1
349749,Polo-Shirt,Category_Highlight,Blue,3.4,1
910786,Tunic,Display_Ad_Campaign,Black,3.3,0
392986,Polo-Shirt,Category_Highlight,Blue,3.5,1
659386,Polo-Shirt,Category_Highlight,Orange,2.2,0
265638,Hoodie,Frontpage_Header,Blue,3.8,1
130603,T-Shirt,Category_Highlight,Blue,4.1,1
338159,Hoodie,Category_Highlight,White,4.2,1
815232,Hoodie,Category_Highlight,Brown,3.6,1
965918,Hoodie,Display_Ad_Campaign,Orange,4.8,1
405944,Blouse,Frontpage_Header,Multi-Color,3.8,1
942356,Polo-Shirt,Catalog,Blue,1.3,0
173957,Polo-Shirt,Category_Highlight,Yellow,3.1,0
102591,Sweatshirt,Frontpage_Header,Green,3.4,1
269351,T-Shirt,Frontpage_Header,Multi-Color,3.3,1
131642,Tunic,Frontpage_Header,Pink,2.5,0
354481,Polo-Shirt,Frontpage_Header,Green,2.0,0
501740,Polo-Shirt,Frontpage_Header,Blue,3.7,1
100023,T-Shirt,Frontpage_Header,Green,4.7,1
439002,T-Shirt,Category_Highlight,Blue,3.3,1
172684,Hoodie,Catalog,Yellow,2.8,0
129270,Tunic,Category_Highlight,White,4.3,1
349234,Tunic,Display_Ad_Campaign,Multi-Color,3.1,0
527177,T-Shirt,Category_Highlight,Yellow,4.2,1
297185,Polo-Shirt,Catalog,Yellow,5.1,1
310201,T-Shirt,Category_Highlight,Black,3.8,1
204277,Hoodie,Frontpage_Header,Pink,4.2,1
106404,Tunic,Category_Highlight,Green,3.5,1
686054,Sweatshirt,Display_Ad_Campaign,Red,4.7,1
483885,T-Shirt,Frontpage_Header,Yellow,4.3,1
707244,Hoodie,Category_Highlight,Green,4.0,1
407916,Blouse,Catalog,Green,4.1,1
326838,Polo-Shirt,Catalog,Black,2.6,0
169361,Blouse,Frontpage_Header,Red,4.5,1
109754,Blouse,Frontpage_Header,Black,5.5,1
208687,T-Shirt,Catalog,Black,3.4,1
705846,Tunic,Catalog,Yellow,2.6,0
715758,T-Shirt,Display_Ad_Campaign,Black,4.1,1
279789,T-Shirt,Category_Highlight,Brown,5.5,1
177852,Tunic,Display_Ad_Campaign,Multi-Color,4.4,1
328001,Polo-Shirt,Display_Ad_Campaign,Multi-Color,4.1,1
662837,Polo-Shirt,Catalog,Multi-Color,3.3,0
707990,Sweatshirt,Category_Highlight,Blue,3.4,1
396336,Polo-Shirt,Category_Highlight,Pink,2.3,0
427150,T-Shirt,Catalog,Blue,2.8,1
501730,Tunic,Category_Highlight,Yellow,3.2,0
147440,Polo-Shirt,Category_Highlight,Black,3.6,1
466666,T-Shirt,Catalog,Multi-Color,1.1,0
169297,Sweatshirt,Display_Ad_Campaign,Black,3.6,1
488888,T-Shirt,Catalog,Multi-Color,1.2,0
969651,Sweatshirt,Catalog,Orange,4.1,1
788885,T-Shirt,Frontpage_Header,Yellow,3.6,1
164399,T-Shirt,Catalog,Multi-Color,1.8,0
644702,T-Shirt,Display_Ad_Campaign,Red,4.4,1
125764,Sweatshirt,Display_Ad_Campaign,Orange,4.3,1
905422,Tunic,Category_Highlight,Multi-Color,3.5,1
688951,Blouse,Display_Ad_Campaign,Blue,4.8,1
560237,Polo-Shirt,Catalog,Pink,3.1,1
247188,Sweatshirt,Frontpage_Header,Green,3.4,1
512115,Tunic,Category_Highlight,Green,3.8,1
472245,Hoodie,Category_Highlight,White,4.5,1
789744,Polo-Shirt,Frontpage_Header,Blue,3.4,1
954538,T-Shirt,Display_Ad_Campaign,Black,3.9,1
557599,T-Shirt,Category_Highlight,Green,5.0,1
868180,Hoodie,Catalog,Yellow,3.1,0
981698,Sweatshirt,Catalog,Multi-Color,2.2,0
556293,T-Shirt,Frontpage_Header,Green,3.4,1
779583,Sweatshirt,Display_Ad_Campaign,Green,5.4,1
442101,Blouse,Catalog,Red,2.2,0
927045,Sweatshirt,Frontpage_Header,Red,3.8,1
704896,Sweatshirt,Catalog,Multi-Color,1.2,0
101862,T-Shirt,Frontpage_Header,Multi-Color,4.9,1
160346,Sweatshirt,Display_Ad_Campaign,Orange,4.2,1
455264,Polo-Shirt,Category_Highlight,Blue,4.2,1
588579,Polo-Shirt,Catalog,Pink,3.0,1
359288,Blouse,Category_Highlight,Blue,2.8,0
924971,Blouse,Catalog,Pink,3.8,1
940081,Tunic,Category_Highlight,Multi-Color,3.0,1
777464,Sweatshirt,Frontpage_Header,Blue,3.3,1
695831,Polo-Shirt,Frontpage_Header,Green,2.5,0
234836,T-Shirt,Frontpage_Header,Black,5.0,1
680138,Tunic,Category_Highlight,Red,3.5,0
610077,Polo-Shirt,Catalog,Yellow,5.1,1
820961,T-Shirt,Catalog,Multi-Color,1.1,0
922967,T-Shirt,Catalog,Blue,3.2,1
405946,Hoodie,Frontpage_Header,Yellow,2.0,0
811517,Sweatshirt,Frontpage_Header,Blue,2.2,1
794233,Tunic,Display_Ad_Campaign,Black,3.1,0
404201,T-Shirt,Catalog,Multi-Color,1.1,0
318420,Blouse,Frontpage_Header,Black,4.6,1
826172,Polo-Shirt,Category_Highlight,White,4.1,1
775535,Tunic,Display_Ad_Campaign,Green,2.8,0
822356,Tunic,Catalog,Multi-Color,2.5,0
729708,Polo-Shirt,Category_Highlight,Multi-Color,2.5,0
658639,Polo-Shirt,Frontpage_Header,Red,4.1,1
545734,T-Shirt,Category_Highlight,Multi-Color,3.9,1
892419,T-Shirt,Catalog,Green,3.9,1
828781,Blouse,Frontpage_Header,Multi-Color,3.7,1
202159,Blouse,Frontpage_Header,Black,4.8,1
374323,Sweatshirt,Catalog,Red,1.8,0
687111,Sweatshirt,Frontpage_Header,Blue,2.9,1
956621,T-Shirt,Display_Ad_Campaign,Black,3.9,1
370494,Hoodie,Catalog,Orange,2.3,0
853814,Sweatshirt,Category_Highlight,Multi-Color,2.2,0
806520,Hoodie,Category_Highlight,White,4.1,1
759870,T-Shirt,Display_Ad_Campaign,Black,3.7,1
506209,Sweatshirt,Display_Ad_Campaign,Multi-Color,1.9,0
955450,Hoodie,Category_Highlight,Red,1.3,0
959400,Polo-Shirt,Display_Ad_Campaign,Yellow,5.6,1
795866,Polo-Shirt,Display_Ad_Campaign,Black,2.2,0
790267,Tunic,Category_Highlight,Yellow,2.7,0
229438,Blouse,Display_Ad_Campaign,Brown,4.9,1
125678,Blouse,Category_Highlight,Blue,2.6,0
730931,Polo-Shirt,Category_Highlight,Red,3.7,0
275537,Polo-Shirt,Display_Ad_Campaign,Yellow,4.9,1
278365,Hoodie,Catalog,Orange,2.9,1
974349,T-Shirt,Category_Highlight,Multi-Color,3.4,1
631762,T-Shirt,Catalog,Yellow,4.1,1
849440,Sweatshirt,Display_Ad_Campaign,Blue,3.1,1
350634,Polo-Shirt,Catalog,Yellow,3.6,1
671308,Polo-Shirt,Display_Ad_Campaign,Blue,1.8,0
797395,Blouse,Display_Ad_Campaign,White,4.9,1
118685,Blouse,Frontpage_Header,Red,4.5,1
526844,Polo-Shirt,Catalog,Multi-Color,3.1,0
126453,T-Shirt,Category_Highlight,Yellow,4.3,1
820430,Hoodie,Catalog,Orange,3.8,1
291003,Sweatshirt,Catalog,Red,1.6,0
262442,Sweatshirt,Catalog,Red,1.2,0
154121,Hoodie,Catalog,Green,3.9,1
795481,T-Shirt,Display_Ad_Campaign,Red,4.6,1
279260,T-Shirt,Frontpage_Header,Black,4.3,1
202323,Polo-Shirt,Frontpage_Header,Pink,2.8,0
164356,T-Shirt,Display_Ad_Campaign,Black,3.5,1
925303,T-Shirt,Catalog,Yellow,3.9,1
543217,Sweatshirt,Frontpage_Header,Pink,3.6,1
289379,Hoodie,Catalog,Yellow,2.9,0
727625,Hoodie,Catalog,Orange,2.5,0
512550,Tunic,Frontpage_Header,Multi-Color,2.4,0
388583,Sweatshirt,Frontpage_Header,Red,1.8,0
749134,Polo-Shirt,Catalog,Blue,1.9,0
809302,Hoodie,Catalog,Yellow,2.5,0
565179,T-Shirt,Category_Highlight,Yellow,3.8,1
461251,T-Shirt,Catalog,Black,3.9,1
824124,Sweatshirt,Catalog,Orange,4.2,1
372146,Sweatshirt,Catalog,Multi-Color,2.6,0
588144,Tunic,Frontpage_Header,Multi-Color,3.1,1
449775,Hoodie,Category_Highlight,Blue,2.4,0
897269,Sweatshirt,Catalog,Pink,3.7,1
388781,Tunic,Frontpage_Header,Multi-Color,2.8,1
461805,Sweatshirt,Catalog,Multi-Color,2.9,0
598663,Tunic,Category_Highlight,Blue,4.6,1
643182,Hoodie,Catalog,Green,3.9,1
430479,T-Shirt,Catalog,Yellow,4.5,1
551741,Tunic,Category_Highlight,Multi-Color,3.1,1
540320,Polo-Shirt,Category_Highlight,Green,2.8,0
697963,Hoodie,Category_Highlight,Multi-Color,3.5,1
878528,Blouse,Display_Ad_Campaign,Blue,5.0,1
720364,T-Shirt,Frontpage_Header,Blue,3.0,1
669211,Sweatshirt,Category_Highlight,Red,1.5,0
652911,T-Shirt,Frontpage_Header,Yellow,4.4,1
489615,Tunic,Category_Highlight,Brown,3.7,1
356019,Blouse,Frontpage_Header,Red,4.3,1
508487,T-Shirt,Catalog,Black,3.8,1
407571,T-Shirt,Display_Ad_Campaign,Orange,4.8,1
168757,Tunic,Display_Ad_Campaign,Blue,1.8,0
446127,Sweatshirt,Catalog,Orange,4.5,1
958825,T-Shirt,Catalog,Multi-Color,2.0,0
607032,Blouse,Category_Highlight,Black,3.3,1
309827,Tunic,Catalog,Brown,4.7,1
961094,Polo-Shirt,Category_Highlight,White,3.6,1
502714,Sweatshirt,Catalog,Multi-Color,1.7,0
232125,Blouse,Frontpage_Header,Blue,3.6,1
231179,Polo-Shirt,Frontpage_Header,White,4.2,1
259052,Sweatshirt,Category_Highlight,Red,1.0,0
670736,Sweatshirt,Display_Ad_Campaign,Blue,3.5,1
816541,Hoodie,Catalog,Green,3.6,1
349572,T-Shirt,Catalog,Red,0.8,0
603014,Polo-Shirt,Catalog,Brown,3.4,1
102888,Sweatshirt,Display_Ad_Campaign,White,2.9,1
195233,Sweatshirt,Display_Ad_Campaign,Orange,4.2,1
167148,Polo-Shirt,Catalog,Blue,2.4,0
348211,Sweatshirt,Display_Ad_Campaign,White,4.6,1
713763,Sweatshirt,Display_Ad_Campaign,Red,1.8,0
571627,T-Shirt,Catalog,Black,2.8,1
900507,Tunic,Category_Highlight,Yellow,2.5,0
262176,T-Shirt,Category_Highlight,Green,4.2,1
147597,Tunic,Display_Ad_Campaign,Blue,3.0,0
943072,Blouse,Catalog,Red,2.6,0
956174,Blouse,Catalog,Yellow,3.4,1
650114,Tunic,Category_Highlight,Brown,4.4,1
420441,Hoodie,Category_Highlight,White,4.5,1
899741,Tunic,Category_Highlight,Multi-Color,2.0,0
163217,T-Shirt,Category_Highlight,Yellow,3.8,1
254925,Blouse,Frontpage_Header,Multi-Color,4.4,1
263643,Blouse,Catalog,Yellow,4.7,1
359915,T-Shirt,Category_Highlight,Multi-Color,3.7,1
515715,T-Shirt,Category_Highlight,Red,3.5,1
958723,Polo-Shirt,Catalog,Blue,1.6,0
377039,Hoodie,Catalog,Orange,2.9,1
351509,Hoodie,Catalog,Orange,2.9,1
783171,Blouse,Frontpage_Header,Black,5.5,1
589986,Sweatshirt,Catalog,Red,1.7,0
483604,Sweatshirt,Catalog,Blue,5.2,1
267985,Polo-Shirt,Frontpage_Header,Pink,2.4,0
460740,Blouse,Frontpage_Header,Red,3.8,1
121486,Polo-Shirt,Catalog,Blue,2.1,0
517401,Blouse,Display_Ad_Campaign,Brown,5.5,1
472838,Hoodie,Category_Highlight,Orange,2.7,1
972316,Hoodie,Category_Highlight,Pink,3.4,1
789992,T-Shirt,Frontpage_Header,Multi-Color,4.7,1
269806,Tunic,Category_Highlight,Yellow,2.5,0
102301,Polo-Shirt,Category_Highlight,White,4.4,1
702085,Hoodie,Catalog,White,5.0,1
498440,Blouse,Catalog,Black,2.1,0
347316,Hoodie,Display_Ad_Campaign,Yellow,3.8,1
479332,Polo-Shirt,Category_Highlight,Brown,3.9,1
888144,T-Shirt,Display_Ad_Campaign,Black,4.2,1
233065,Sweatshirt,Frontpage_Header,Green,3.3,1
126756,Tunic,Frontpage_Header,Black,3.2,1
158805,Polo-Shirt,Display_Ad_Campaign,Yellow,5.1,1
376303,T-Shirt,Catalog,Orange,1.6,0
369021,Sweatshirt,Display_Ad_Campaign,Blue,3.2,1
634815,Tunic,Frontpage_Header,Blue,3.3,1
424501,Hoodie,Category_Highlight,Black,3.6,1
276642,Polo-Shirt,Catalog,Green,2.3,0
308842,Blouse,Display_Ad_Campaign,Brown,4.8,1
639569,T-Shirt,Category_Highlight,Multi-Color,3.3,1
436686,T-Shirt,Category_Highlight,Multi-Color,3.4,1
178616,T-Shirt,Frontpage_Header,Yellow,5.3,1
208500,Tunic,Display_Ad_Campaign,Black,2.5,0
527901,Blouse,Frontpage_Header,Black,4.8,1
960761,Blouse,Display_Ad_Campaign,White,5.1,1
926116,Polo-Shirt,Category_Highlight,Blue,4.3,1
331170,Blouse,Frontpage_Header,Multi-Color,2.9,0
736568,T-Shirt,Category_Highlight,Brown,4.3,1
109191,Polo-Shirt,Category_Highlight,Yellow,3.6,1
864121,T-Shirt,Frontpage_Header,Multi-Color,4.4,1
283948,Hoodie,Category_Highlight,Brown,4.5,1
807364,Sweatshirt,Catalog,Pink,4.3,1
576664,Tunic,Category_Highlight,Brown,4.1,1
837034,T-Shirt,Catalog,Multi-Color,1.6,0
564456,Tunic,Category_Highlight,Blue,3.3,1
178587,Sweatshirt,Display_Ad_Campaign,Black,5.0,1
212320,T-Shirt,Category_Highlight,Pink,3.8,1
810966,T-Shirt,Catalog,Red,1.2,0
591127,Polo-Shirt,Catalog,White,2.2,0
150446,T-Shirt,Category_Highlight,Yellow,4.0,1
706703,Sweatshirt,Catalog,Orange,4.8,1
126460,T-Shirt,Catalog,Multi-Color,1.7,0
770479,Sweatshirt,Frontpage_Header,Green,2.3,1
603383,Tunic,Frontpage_Header,White,3.3,1
355812,Polo-Shirt,Category_Highlight,Blue,3.8,1
809416,Polo-Shirt,Category_Highlight,Multi-Color,3.0,0
382675,Tunic,Display_Ad_Campaign,Black,3.0,0
421705,Hoodie,Category_Highlight,Multi-Color,2.4,0
891095,Sweatshirt,Frontpage_Header,Pink,3.5,1
549869,Blouse,Catalog,Pink,4.3,1
368488,T-Shirt,Category_Highlight,Multi-Color,3.2,1
511387,Polo-Shirt,Display_Ad_Campaign,Yellow,5.2,1
179359,Sweatshirt,Display_Ad_Campaign,Multi-Color,3.1,0
706280,Blouse,Catalog,Black,4.8,1
726483,Blouse,Frontpage_Header,White,3.0,1
567157,Hoodie,Display_Ad_Campaign,Green,3.7,1
696497,Sweatshirt,Catalog,Black,4.6,1
500944,Sweatshirt,Frontpage_Header,Pink,2.9,1
746179,Tunic,Display_Ad_Campaign,Multi-Color,3.9,1
761926,T-Shirt,Category_Highlight,Green,4.8,1
564617,Blouse,Catalog,Yellow,4.0,1
666165,Sweatshirt,Display_Ad_Campaign,Pink,4.9,1
552817,Polo-Shirt,Catalog,Pink,3.2,1
811861,T-Shirt,Display_Ad_Campaign,Black,3.4,1
630622,Blouse,Display_Ad_Campaign,Blue,5.2,1
378637,T-Shirt,Display_Ad_Campaign,Black,3.7,1
889389,T-Shirt,Frontpage_Header,Blue,4.0,1
869712,Sweatshirt,Frontpage_Header,Pink,3.2,1
712332,Polo-Shirt,Catalog,Orange,3.6,1
970545,Polo-Shirt,Frontpage_Header,Brown,2.8,0
605766,Sweatshirt,Frontpage_Header,Red,4.4,1
972963,T-Shirt,Category_Highlight,Yellow,3.7,1
732929,T-Shirt,Catalog,Black,2.8,1
389890,Sweatshirt,Catalog,Orange,3.9,1
817726,Tunic,Display_Ad_Campaign,Black,2.5,0
959694,Polo-Shirt,Category_Highlight,Red,2.7,0
268194,Sweatshirt,Frontpage_Header,Yellow,3.5,1
597846,Sweatshirt,Display_Ad_Campaign,Orange,5.3,1
320568,Polo-Shirt,Category_Highlight,Blue,3.7,1
960079,Blouse,Frontpage_Header,Blue,3.7,1
921479,Hoodie,Catalog,Yellow,2.5,0
140039,Hoodie,Frontpage_Header,Green,4.2,1
324985,Sweatshirt,Catalog,Red,4.5,1
858909,Blouse,Display_Ad_Campaign,Yellow,2.8,0
206341,Polo-Shirt,Catalog,Pink,3.1,1
240528,Polo-Shirt,Display_Ad_Campaign,Yellow,3.1,0
305858,Tunic,Frontpage_Header,Blue,3.8,1
528841,T-Shirt,Frontpage_Header,Multi-Color,4.5,1
805707,Hoodie,Catalog,Pink,2.1,0
546901,T-Shirt,Frontpage_Header,Yellow,4.8,1
267230,T-Shirt,Category_Highlight,Green,5.0,1
860865,Polo-Shirt,Frontpage_Header,Yellow,2.9,0
896530,Hoodie,Category_Highlight,White,4.9,1
242926,Tunic,Category_Highlight,Multi-Color,3.2,1
497234,Sweatshirt,Frontpage_Header,Green,2.3,1
593477,Sweatshirt,Display_Ad_Campaign,White,3.2,1
673074,Sweatshirt,Catalog,Black,5.1,1
343705,Sweatshirt,Frontpage_Header,Green,3.6,1
149073,Tunic,Frontpage_Header,Brown,3.2,1
237726,Sweatshirt,Catalog,Black,5.6,1
423148,Blouse,Display_Ad_Campaign,Blue,5.6,1
658851,Hoodie,Category_Highlight,White,4.0,1
504547,Tunic,Frontpage_Header,Multi-Color,3.2,1
505490,Tunic,Category_Highlight,Brown,4.1,1
565863,T-Shirt,Display_Ad_Campaign,Black,3.4,1
263049,Sweatshirt,Display_Ad_Campaign,Red,2.1,0
804869,Tunic,Display_Ad_Campaign,Multi-Color,4.2,1
696906,Blouse,Frontpage_Header,Blue,3.4,1
418762,Polo-Shirt,Display_Ad_Campaign,Yellow,3.4,0
785036,Blouse,Category_Highlight,Red,0.9,0
187433,Blouse,Frontpage_Header,Black,5.3,1
141834,T-Shirt,Frontpage_Header,Black,4.4,1
757086,Sweatshirt,Catalog,Black,4.4,1
514145,Sweatshirt,Category_Highlight,Red,1.0,0
834188,Polo-Shirt,Category_Highlight,Blue,2.9,0
988915,T-Shirt,Catalog,Green,5.4,1
882222,Polo-Shirt,Display_Ad_Campaign,Green,4.9,1
641885,Hoodie,Category_Highlight,Brown,3.5,1
141533,Tunic,Frontpage_Header,Multi-Color,3.2,1
227396,Blouse,Catalog,Multi-Color,2.5,0
341833,Tunic,Category_Highlight,Multi-Color,3.2,1
878188,T-Shirt,Category_Highlight,Yellow,4.5,1
693962,Tunic,Frontpage_Header,Yellow,3.2,0
669001,Blouse,Display_Ad_Campaign,Brown,4.9,1
829405,Tunic,Display_Ad_Campaign,Multi-Color,4.4,1
636081,Sweatshirt,Catalog,Black,5.3,1
226926,Tunic,Display_Ad_Campaign,Black,2.5,0
263827,Polo-Shirt,Frontpage_Header,Green,3.1,1
816812,Hoodie,Category_Highlight,Blue,3.5,1
249760,Hoodie,Catalog,Pink,4.7,1
731758,Polo-Shirt,Frontpage_Header,Blue,3.8,1
841817,T-Shirt,Category_Highlight,Green,4.9,1
625405,Tunic,Category_Highlight,Orange,2.9,0
813064,T-Shirt,Display_Ad_Campaign,Black,3.3,1
293015,Tunic,Frontpage_Header,Blue,3.5,1
432211,Hoodie,Catalog,Black,5.1,1
169377,Tunic,Catalog,Multi-Color,3.4,1
459538,Hoodie,Catalog,Red,3.5,1
574813,Polo-Shirt,Category_Highlight,Orange,2.3,0
543161,Sweatshirt,Display_Ad_Campaign,Orange,4.1,1
276660,Polo-Shirt,Catalog,Multi-Color,4.0,1
268934,T-Shirt,Category_Highlight,Green,5.1,1
239795,Sweatshirt,Category_Highlight,Red,2.0,0
171787,Sweatshirt,Category_Highlight,Red,1.5,0
467257,Tunic,Frontpage_Header,Red,3.8,1
935644,T-Shirt,Catalog,Red,4.4,1
398066,Polo-Shirt,Catalog,Yellow,4.5,1
219822,Polo-Shirt,Catalog,Orange,2.7,0
288881,T-Shirt,Category_Highlight,Black,3.3,1
749860,T-Shirt,Catalog,Red,4.1,1
970078,Hoodie,Catalog,Green,3.4,1
750995,Polo-Shirt,Category_Highlight,Blue,2.1,0
693467,T-Shirt,Display_Ad_Campaign,Black,3.8,1
941674,Tunic,Frontpage_Header,Multi-Color,2.8,1
554567,Tunic,Category_Highlight,Yellow,2.8,0
872513,Blouse,Category_Highlight,Yellow,4.7,1
321380,Blouse,Catalog,Red,4.1,1
611889,T-Shirt,Frontpage_Header,Multi-Color,4.2,1
199415,Sweatshirt,Frontpage_Header,Black,3.3,1
397272,Blouse,Category_Highlight,Blue,2.9,0
900893,T-Shirt,Category_Highlight,Multi-Color,3.7,1
496867,Sweatshirt,Catalog,Multi-Color,2.0,0
292834,Polo-Shirt,Category_Highlight,Orange,1.6,0
296508,Polo-Shirt,Category_Highlight,Orange,2.7,0
836655,Blouse,Frontpage_Header,Blue,2.6,1
411428,Polo-Shirt,Category_Highlight,Brown,3.8,1
932389,Blouse,Category_Highlight,Multi-Color,1.9,0
640134,Polo-Shirt,Catalog,White,2.1,0
905451,T-Shirt,Frontpage_Header,Yellow,4.3,1
172206,Hoodie,Catalog,Orange,2.3,0
641516,Tunic,Frontpage_Header,White,1.7,0
409637,Tunic,Catalog,Green,3.2,0
274539,T-Shirt,Category_Highlight,Multi-Color,1.6,0
643055,T-Shirt,Category_Highlight,Yellow,3.5,1
868521,T-Shirt,Category_Highlight,Green,5.6,1
413988,Blouse,Display_Ad_Campaign,Blue,5.4,1
150322,Tunic,Frontpage_Header,Multi-Color,3.0,1
415864,T-Shirt,Frontpage_Header,Yellow,4.4,1
124144,Polo-Shirt,Catalog,Pink,3.4,1
489808,Sweatshirt,Catalog,Red,2.3,0
654097,T-Shirt,Catalog,Black,3.4,1
168681,Hoodie,Catalog,Blue,1.9,0
248588,Tunic,Category_Highlight,Red,3.5,0
252425,Sweatshirt,Frontpage_Header,Green,2.6,1
877006,T-Shirt,Catalog,Black,4.0,1
218918,Tunic,Frontpage_Header,Multi-Color,3.6,1
555864,Blouse,Frontpage_Header,Blue,4.1,1
411725,Tunic,Category_Highlight,Brown,3.8,1
609216,Polo-Shirt,Category_Highlight,Blue,3.6,1
254127,Tunic,Display_Ad_Campaign,Black,2.6,0
689797,Blouse,Display_Ad_Campaign,Brown,4.7,1
647071,Blouse,Frontpage_Header,Black,3.3,1
125705,Hoodie,Category_Highlight,Yellow,2.8,0
547406,T-Shirt,Catalog,Blue,3.3,1
644815,Blouse,Frontpage_Header,Multi-Color,2.8,0
794627,Tunic,Frontpage_Header,Black,3.0,1
338800,T-Shirt,Catalog,Blue,3.1,1
173433,Tunic,Category_Highlight,Green,3.6,1
762971,Blouse,Category_Highlight,Multi-Color,3.3,0
855218,Blouse,Frontpage_Header,Black,5.2,1
688956,Polo-Shirt,Category_Highlight,Multi-Color,3.2,0
764713,Hoodie,Catalog,Yellow,3.3,0
606544,T-Shirt,Display_Ad_Campaign,Black,3.7,1
145790,Polo-Shirt,Display_Ad_Campaign,Yellow,3.8,1
818120,Polo-Shirt,Category_Highlight,Orange,2.9,0
247162,Sweatshirt,Frontpage_Header,Green,3.3,1
200561,Polo-Shirt,Display_Ad_Campaign,Yellow,4.5,1
199814,Tunic,Category_Highlight,Red,3.6,0
617108,Sweatshirt,Catalog,Multi-Color,2.7,0
716084,T-Shirt,Frontpage_Header,Yellow,4.1,1
348638,Polo-Shirt,Category_Highlight,Multi-Color,3.4,0
942795,Polo-Shirt,Category_Highlight,Yellow,3.8,1
849776,Polo-Shirt,Catalog,Multi-Color,3.2,0
125145,Hoodie,Category_Highlight,White,4.5,1
595518,Sweatshirt,Frontpage_Header,Black,4.6,1
343053,Tunic,Category_Highlight,Multi-Color,3.9,1
960942,Sweatshirt,Category_Highlight,Red,1.4,0
647506,Hoodie,Category_Highlight,Orange,2.7,1
965920,T-Shirt,Catalog,Black,3.6,1
877171,Polo-Shirt,Category_Highlight,Blue,3.4,1
752975,Hoodie,Catalog,Green,2.4,0
160211,Blouse,Display_Ad_Campaign,Green,4.8,1
872696,Hoodie,Catalog,Orange,3.3,1
678715,Hoodie,Category_Highlight,White,4.2,1
844022,Sweatshirt,Frontpage_Header,Pink,4.0,1
385692,Tunic,Frontpage_Header,Red,2.8,0
688653,Hoodie,Catalog,Yellow,3.0,0
493606,T-Shirt,Category_Highlight,Blue,2.8,1
478594,Hoodie,Display_Ad_Campaign,Green,4.0,1
594930,Sweatshirt,Frontpage_Header,Black,4.5,1
130809,Polo-Shirt,Category_Highlight,Orange,2.7,0
176310,Blouse,Display_Ad_Campaign,Blue,4.9,1
477751,Polo-Shirt,Catalog,Blue,1.7,0
342821,Hoodie,Catalog,Orange,3.0,1
428569,Polo-Shirt,Catalog,Multi-Color,3.8,0
665944,Tunic,Frontpage_Header,Red,2.5,0
367410,Polo-Shirt,Catalog,Yellow,3.3,0
946820,Tunic,Frontpage_Header,Blue,3.7,1
803789,Blouse,Category_Highlight,Blue,2.5,0
684067,Sweatshirt,Frontpage_Header,Black,4.8,1
343579,Sweatshirt,Display_Ad_Campaign,Orange,4.2,1
591105,Polo-Shirt,Catalog,Red,2.3,0
291933,Blouse,Frontpage_Header,Blue,2.3,0
923241,Polo-Shirt,Category_Highlight,Blue,3.5,1
509759,Hoodie,Category_Highlight,White,4.7,1
259920,Polo-Shirt,Category_Highlight,Blue,3.7,1
707527,Hoodie,Catalog,Yellow,2.6,0
517672,Sweatshirt,Catalog,Black,4.9,1
107669,Polo-Shirt,Display_Ad_Campaign,Multi-Color,4.4,1
413725,Hoodie,Category_Highlight,Pink,2.3,0
913462,T-Shirt,Category_Highlight,Green,4.0,1
303792,Blouse,Display_Ad_Campaign,Black,3.1,1
880358,Tunic,Category_Highlight,Multi-Color,3.2,1
482766,Polo-Shirt,Category_Highlight,Red,2.2,0
737003,T-Shirt,Catalog,Multi-Color,1.5,0
583920,Blouse,Display_Ad_Campaign,Blue,5.2,1
505043,Blouse,Catalog,Pink,3.3,1
826886,Hoodie,Catalog,Pink,3.6,1
223318,Blouse,Frontpage_Header,Multi-Color,4.8,1
532002,Hoodie,Catalog,Yellow,2.7,0
879918,Hoodie,Frontpage_Header,White,4.9,1
672300,Polo-Shirt,Catalog,Brown,2.8,0
468767,Tunic,Category_Highlight,Blue,5.0,1
413695,Blouse,Frontpage_Header,Blue,2.6,1
745851,Tunic,Category_Highlight,Multi-Color,4.0,1
540996,T-Shirt,Frontpage_Header,Multi-Color,4.9,1
867271,Sweatshirt,Display_Ad_Campaign,Orange,4.2,1
501887,Blouse,Frontpage_Header,Blue,4.4,1
884339,Tunic,Display_Ad_Campaign,Multi-Color,4.0,1
289649,Sweatshirt,Category_Highlight,Blue,2.8,1
507327,T-Shirt,Display_Ad_Campaign,Black,2.9,1
121001,Sweatshirt,Frontpage_Header,Multi-Color,3.0,0
740442,Sweatshirt,Category_Highlight,Blue,2.6,0
439473,Sweatshirt,Catalog,Multi-Color,2.1,0
195518,Tunic,Category_Highlight,Brown,3.8,1
875530,T-Shirt,Category_Highlight,Yellow,4.4,1
581858,Tunic,Category_Highlight,Multi-Color,3.9,1
845065,Tunic,Frontpage_Header,Multi-Color,3.5,1
553612,Hoodie,Frontpage_Header,Green,2.9,1
791086,T-Shirt,Category_Highlight,Green,4.5,1
345109,Hoodie,Catalog,Yellow,2.8,0
531016,Polo-Shirt,Frontpage_Header,Brown,2.0,0
779343,Polo-Shirt,Category_Highlight,Green,2.5,0
193798,Polo-Shirt,Display_Ad_Campaign,Yellow,5.6,1
481793,Polo-Shirt,Category_Highlight,Multi-Color,2.8,0
429925,Blouse,Category_Highlight,Blue,3.8,1
376794,T-Shirt,Category_Highlight,Green,5.0,1
470289,Tunic,Catalog,Green,2.6,0
271185,Polo-Shirt,Catalog,Orange,2.7,0
765041,Blouse,Frontpage_Header,Multi-Color,2.7,0
985525,T-Shirt,Category_Highlight,Multi-Color,1.5,0
